seq,id,t,age,x,y,dx,dy,speed,area,perimeter,eccentricity,solidity,major_axis_length,minor_axis_length,orientation,mean_intensity,max_intensity,min_intensity,intensity_std,intensity_skew,intensity_kurtosis,contrast,energy,homogeneity,correlation,dissimilarity,prev_dx,prev_dy,prev_speed,cos_turn,t_norm,group,cluster
01,1,3,3,245.0,272.0,3.0,-5.0,5.830951894845301,5179.0,290.8355697996826,0.7751530271075426,0.9558877814691769,102.98785887716032,65.06500244552963,-0.4981872364589553,74.93126086117012,254.0,3.0,78.96403419558006,1.3905550638678492,0.5941450023596841,0.004566837732160312,0.9963518920359036,0.9990648099307076,0.987141926501396,0.0022624175219941346,0.0,0.0,0.0,0.0,0.0,01_1,0
01,1,7,7,263.0,256.0,1.0,-1.0,1.4142135623730951,5112.0,291.4213562373095,0.7073759331166194,0.9400514895182053,97.79508324000828,69.12523476743046,-1.4772863996804995,74.6991392801252,254.0,3.0,80.35669608973423,1.3442536029108971,0.438741651311537,0.0040456225562072335,0.9964711793791031,0.9990819466044059,0.9888266062586597,0.0021669568670576733,7.0,-4.0,8.06225774829855,0.9647630193830494,0.15999999360000025,01_1,2
01,1,15,15,279.0,262.0,0.0,0.0,0.0,5952.0,328.048773235279,0.5955930559188121,0.9087022900763359,101.040891474884,81.16476587245131,0.4265679852494959,67.55981182795699,254.0,2.0,77.86155982135249,1.5118267205474045,0.9587628488681141,0.003745876099706746,0.9961343087670068,0.9990589734496876,0.9898940358151124,0.0021688660801564034,0.0,-1.0,1.0,0.0,0.4799999808000007,01_1,0
01,1,16,16,279.0,262.0,0.0,0.0,0.0,5802.0,319.8061325481598,0.5827927315860183,0.9023328149300156,98.84081409368521,80.32010552155167,0.31141487641688526,69.10048259220959,254.0,2.0,78.7261083827829,1.4613870770982047,0.7943135998542701,0.0036637799364613883,0.9962230614879322,0.9990876394076257,0.9901671733349464,0.0021077712609970673,0.0,0.0,0.0,0.0,0.5199999792000009,01_1,0
01,1,20,20,279.0,261.5,0.0,-0.5,0.5,5984.0,304.492424049175,0.5441666904937389,0.964850048371493,97.74016064301138,82.00175878014602,0.07295064275819887,66.41711229946524,254.0,2.0,78.33657595467712,1.5015677311638544,0.9236955098276414,0.0037840603616813304,0.9962383425434884,0.9990649595110282,0.9898844056235723,0.0021650476539589445,0.0,0.0,0.0,0.0,0.679999972800001,01_1,0
01,1,26,26,278.0,264.0,0.0,2.0,2.0,5461.0,295.2497833620557,0.602264431193076,0.9636491971060526,93.85274824962859,74.9223353156291,0.751095291312451,72.99523896722212,254.0,2.0,82.18135723097681,1.2931245818300978,0.2795324046510208,0.003839427541544477,0.9965303229408645,0.9991039841116188,0.9902462243839922,0.002103952834799609,0.0,0.0,0.0,0.0,0.9199999632000014,01_1,0
01,1,28,28,280.0,263.0,2.0,-1.0,2.23606797749979,5810.0,323.94826817189073,0.7937075746115142,0.9352865421764327,111.23260234189112,67.66273678178749,0.8064655378063432,67.92530120481928,254.0,1.0,81.08227433803506,1.439019569310837,0.6526624089072985,0.003713419477028348,0.9964368165078452,0.9991165588890772,0.9905008698564379,0.002061950146627566,0.0,0.0,0.0,0.0,0.9999999600000016,01_1,0
01,2,3,3,519.0,267.0,0.0,0.0,0.0,8566.0,363.98989873223326,0.6546556385831386,0.9583799507719848,120.88076828594096,91.37706575513313,-0.8319562193926632,55.18328274573897,254.0,2.0,70.85931500027266,1.8960050565228572,2.4239024531581546,0.003302938660801564,0.9951543698154642,0.9989230102993149,0.9917090300735963,0.0023406952590420338,-1.0,0.5,1.118033988749895,0.0,0.0,01_2,0
01,2,7,7,497.0,256.0,-16.0,-14.0,21.2602916254693,7757.0,350.8772003600252,0.626047947049786,0.9676896207584831,113.5517466181971,88.54589935494948,-1.184877717295867,59.51037772334666,254.0,2.0,74.17329549037647,1.763118697794565,1.8381217949537083,0.00336021505376344,0.995313739056257,0.9989469264329913,0.9917717128958344,0.0023082386363636356,-2.0,0.0,2.0,0.7525762830205078,0.15999999360000025,01_2,2
01,2,15,15,472.0,219.0,1.0,-5.0,5.0990195135927845,7955.0,409.40411229460636,0.9151234509868523,0.9525805292779308,161.5159227532396,65.11897961311558,1.224492290446199,59.95549968573224,254.0,1.0,72.58087341913117,1.7594789329713878,1.862475236817498,0.00395588954056696,0.9949501400887883,0.9988408484798725,0.990354082840525,0.0025774376832844574,0.0,0.0,0.0,0.0,0.4799999808000007,01_2,0
01,2,16,16,472.0,219.0,0.0,0.0,0.0,7692.0,396.23253941935263,0.9168207435723333,0.9531598513011152,158.75105665007064,63.389144680486204,1.192524988491605,60.91328653146126,254.0,2.0,72.72203181176648,1.7506190661209997,1.7808284744445464,0.0039444342619745845,0.9949826730422157,0.998849274700941,0.9901727597813865,0.0025621639784946235,1.0,-5.0,5.0990195135927845,0.0,0.5199999792000009,01_2,0
01,2,20,20,494.0,236.0,0.0,0.0,0.0,7807.0,398.0904037956217,0.7217384524298333,0.8978723404255319,124.42052361299459,86.11964129286679,0.940696758865643,60.190598181119505,254.0,1.0,72.94508602882966,1.733931379433545,1.763157740652625,0.004066623900293255,0.9950999518912891,0.9988159317196024,0.9899939605766491,0.002634714076246334,12.0,14.0,18.439088914585774,0.0,0.679999972800001,01_2,0
01,2,26,26,501.0,255.0,5.0,7.0,8.602325267042627,6640.0,348.97770542341357,0.7933788278047461,0.9418439716312057,121.0388926529226,73.67978865800504,-1.008841500291306,69.3644578313253,254.0,1.0,75.74387327806708,1.4289944637533922,0.8061465812793012,0.0038623380987292287,0.995518718083843,0.9988870323143777,0.9905410329526525,0.0024857954545454545,0.0,0.0,0.0,0.0,0.9199999632000014,01_2,2
01,2,28,28,496.0,259.0,-3.0,1.0,3.1622776601683795,6879.0,369.2203461105329,0.8026106041070334,0.9064435366978522,125.03476413092979,74.58365269549499,-1.1442579585746186,67.09260066870185,254.0,1.0,75.33421199321182,1.4692372637991378,0.9517874229351824,0.004311003176930598,0.9955320361144422,0.9988221613999901,0.9894128514885316,0.0026652614858260026,-2.0,3.0,3.605551275463989,0.7893517488345319,0.9999999600000016,01_2,2
01,3,3,3,597.0,208.0,0.0,0.0,0.0,6444.0,310.63455967290594,0.48258112515701174,0.97710386656558,97.37474455901295,85.28579427059374,0.12186078768295522,68.87647423960273,254.0,1.0,77.64127876220047,1.4183526238619792,0.8586354794238766,0.0038489736070381237,0.996007331857465,0.9989806803959735,0.9908715356875755,0.002319693914956012,0.0,0.0,0.0,0.0,0.0,01_3,0
01,3,7,7,596.0,208.0,0.0,0.0,0.0,6295.0,303.5634918610404,0.5651708302849442,0.9806823492755881,98.85145990619678,81.54987421460979,0.13575739954673563,70.35567911040508,254.0,2.0,78.55355057095069,1.3897501069118716,0.7447996810566262,0.0040704423264907134,0.9961371094770975,0.9989882664418659,0.9904416058060727,0.002327330767350929,-1.0,0.0,1.0,0.0,0.15999999360000025,01_3,0
01,3,15,15,596.0,204.0,0.0,-2.0,2.0,6574.0,315.56349186104046,0.40648125493659953,0.9706186328067327,96.47945145953464,88.1493308150106,-0.44386366700306146,67.47794341344691,254.0,2.0,79.02709703631062,1.4436236213243347,0.8121825680315014,0.004051350195503422,0.9960942083530228,0.9990147205938241,0.9906353228681444,0.0022834188660801565,0.0,-3.0,3.0,0.9999991666671944,0.4799999808000007,01_3,2
01,3,16,16,598.0,202.0,2.0,-2.0,2.8284271247461903,6451.0,314.8355697996826,0.4597397218899896,0.9660077867625038,96.96948488817642,86.11411060818416,-0.797073724005009,67.80793675399163,254.0,2.0,79.07195296513021,1.4520719199394065,0.835494857797789,0.004085716031280547,0.9960722734432248,0.9990099415137959,0.9904357150856116,0.0022967833577712607,0.0,-2.0,2.0,0.7071061776335469,0.5199999792000009,01_3,2
01,3,20,20,604.0,198.0,1.0,0.0,1.0,7412.0,348.048773235279,0.5164894586351435,0.9379903821817261,105.8497691455886,90.63847430077958,-1.3020413307584418,59.886400431732326,254.0,1.0,76.04428257752966,1.6614651941153338,1.5678782088948102,0.003952071114369502,0.996033108482665,0.9989987726475216,0.9906643919967978,0.002298692570869991,1.0,0.0,1.0,0.9999980000030001,0.679999972800001,01_3,2
01,3,26,26,607.5,203.5,1.5,0.5,1.5811388300841898,6604.0,307.86500705120545,0.10910508220137605,0.9806949806949807,92.13342486530797,91.58340871633564,1.436874539143046,66.41490006056935,254.0,3.0,78.32782332220921,1.5070344016028507,1.008368806169452,0.0037420576735092866,0.9962688402446754,0.9990610702452495,0.9911329690584908,0.002163138440860215,0.0,-0.5,0.5,-0.3162269335630973,0.9199999632000014,01_3,0
01,3,28,28,610.0,206.0,1.0,0.5,1.118033988749895,7164.0,327.9066376115481,0.42316468468390633,0.9669321095964367,100.8073962110966,91.33682210958975,-0.7595852401807278,61.45463428252373,254.0,1.0,77.45540877452333,1.6073858801723093,1.3280172192509845,0.003778332722385142,0.9960694150386962,0.9990075363722629,0.9911826158087954,0.002260508308895406,1.5,2.0,2.5,0.8944260332302182,0.9999999600000016,01_3,2
01,4,3,3,416.0,358.0,0.0,0.0,0.0,9174.0,373.6639969244288,0.6682641682702166,0.9741956036954444,126.3545670483885,93.99820203914072,-0.5450160756078734,48.594724220623505,254.0,1.0,68.78617401346074,2.12087902915044,3.346847968557685,0.003545408724340176,0.9952155826450332,0.9989569948108107,0.9906774726137862,0.002315875488758553,0.0,0.0,0.0,0.0,0.0,01_4,0
01,4,7,7,409.0,367.0,0.0,0.0,0.0,9584.0,386.8772003600252,0.6719696909756031,0.9702368900587164,129.021975583274,95.55092028649659,-0.317459611822591,45.37207846410684,254.0,1.0,67.5420656411418,2.161784671759425,3.6299701049845536,0.0034308559384164223,0.9956696105370141,0.9989782581446036,0.9907723931865999,0.002264326735092864,-5.0,8.0,9.433981132056603,0.0,0.15999999360000025,01_4,0
01,4,15,15,401.0,379.0,0.0,0.0,0.0,10573.0,423.0020920410531,0.7813458412347596,0.9509803921568627,149.8521521737467,93.52247202100588,-1.003106531321131,41.01522746618746,254.0,1.0,65.26476176171984,2.3640217870399094,4.538666612455926,0.0034747678396871953,0.9956477373745107,0.9989827695332026,0.9905005584683966,0.0022643267350928643,0.0,1.0,1.0,0.0,0.4799999808000007,01_4,0
01,4,16,16,385.0,384.0,-16.0,5.0,16.76305461424021,9918.0,409.445742854949,0.7658715438498336,0.9596516690856314,143.06435278128532,91.98946419215953,-0.9934393011073026,42.90623109497883,254.0,1.0,66.28331614429324,2.292357496677303,4.181459949394987,0.0034480388563049857,0.9956553846243948,0.9989977751963344,0.9904343340467331,0.002231870112414468,0.0,0.0,0.0,0.0,0.5199999792000009,01_4,2
01,4,20,20,385.0,383.0,0.0,0.0,0.0,9761.0,402.03152929257595,0.6566127504026055,0.9640493827160493,131.38345771172695,99.09306686751783,-1.0725490783900513,43.140969162995596,254.0,1.0,67.42269875942729,2.277521626197953,4.040533061283579,0.003297211021505376,0.9957346222297794,0.9990241189982504,0.990973885395175,0.002165047653958944,0.0,0.0,0.0,0.0,0.679999972800001,01_4,0
01,4,26,26,387.0,389.0,0.0,0.0,0.0,9028.0,381.40411229460636,0.6666197519068711,0.9611412754178643,126.29759955644762,94.14197201138222,-1.0248526435990963,46.056158617634026,254.0,1.0,70.06413648886031,2.158752556698781,3.428489707584336,0.0033373044965786906,0.9958214684306606,0.9990785824247638,0.9911040805307444,0.0020772238514174006,0.0,0.0,0.0,0.0,0.9199999632000014,01_4,0
01,4,28,28,387.0,389.0,0.0,0.0,0.0,8460.0,387.84776310850236,0.7647564011741358,0.9274281955711466,132.9667105792354,85.67304744699108,-0.8511328690065865,47.78534278959811,254.0,1.0,71.61187760756314,2.080428561960831,3.0629511511671126,0.0031673845307917886,0.9960809618849895,0.9990982214027607,0.9915050817242879,0.002019947458455523,0.0,0.0,0.0,0.0,0.9999999600000016,01_4,0
01,5,3,3,510.0,364.0,0.0,0.0,0.0,5419.0,299.76450198781714,0.6781297709917701,0.9425987128196208,97.96767488982033,72.00057693639263,0.7494615771134716,52.49474072707142,254.0,1.0,71.8927362722811,1.8900201265680614,2.3464866236555526,0.0024838862414467253,0.997215695572935,0.9993093512324566,0.9900977567162847,0.0015579178885630498,0.0,0.0,0.0,0.0,0.0,01_5,0
01,5,7,7,508.0,358.0,-2.0,-6.0,6.324555320336759,5345.0,289.27922061357856,0.7149305857198507,0.9727024567788899,99.05234240774067,69.25694572803364,0.3819905443630332,54.056314312441536,254.0,1.0,73.75854985165626,1.8345246768709007,2.0392747621680494,0.0026270772238514177,0.9971717866703815,0.9992879153480138,0.989960148488145,0.0016171034946236558,0.0,0.0,0.0,-0.0,0.15999999360000025,01_5,0
01,5,15,15,507.0,345.0,0.0,-8.0,8.0,6384.0,329.66399692442883,0.8000245065821533,0.9548309901286269,117.51240312967069,70.50360194461099,0.4578994375733182,49.856986215538846,254.0,1.0,70.4911235595769,1.9348897078862914,2.5663728965167056,0.002972644794721408,0.9968596694757634,0.9991884142452663,0.98927174798819,0.0018385722140762467,0.0,0.0,0.0,0.0,0.4799999808000007,01_5,0
01,5,16,16,507.0,345.0,0.0,0.0,0.0,5329.0,291.27922061357856,0.7971378184943223,0.9638270935069633,106.67266720160004,64.40867893773135,0.47403130051695075,59.00168887220867,254.0,1.0,73.41560078165274,1.674302656464416,1.5306040946861508,0.0031482923998044964,0.9968052639850851,0.9991551559258658,0.9885096411366943,0.0019206683773216032,0.0,-8.0,8.0,0.0,0.5199999792000009,01_5,0
01,5,20,20,507.0,345.0,0.0,0.0,0.0,5188.0,281.6639969244288,0.7665338379377383,0.975187969924812,102.0345379756863,65.52698029777847,0.5961217326966965,61.56495759444873,254.0,2.0,73.96470890182624,1.621334499970498,1.3772260256015736,0.0029497342375366577,0.9968873358465508,0.9991845422574342,0.9893195291859664,0.001842390640273705,0.0,0.0,0.0,0.0,0.679999972800001,01_5,0
01,5,26,26,497.0,341.0,3.0,-1.0,3.1622776601683795,5491.0,289.27922061357856,0.7487343337063463,0.968601164226495,102.93511924383466,68.2326227293348,0.3574219747752966,58.05499908941905,254.0,1.0,72.85871373578279,1.7112693828301184,1.7192659385159974,0.0029497342375366577,0.9968348320920867,0.9991716813011434,0.9893909123684264,0.0018614827712609974,0.0,0.0,0.0,0.0,0.9199999632000014,01_5,0
01,5,28,28,505.0,343.0,8.0,2.0,8.246211251235321,5698.0,291.5218613006978,0.7395401794212307,0.9733515544926546,104.0989312017285,70.07028296422229,0.34659543603739323,55.07827307827308,254.0,2.0,73.51972332293602,1.809003945373231,2.02064336296534,0.0029802816471163245,0.996998036226394,0.9992165225224552,0.9894573673636406,0.0017908418866080154,0.0,0.0,0.0,0.0,0.9999999600000016,01_5,2
01,6,3,3,587.0,350.0,0.0,0.0,0.0,5451.0,302.73506473629425,0.670165754883404,0.953305351521511,98.93628648832511,73.43164628306273,0.6007445255046596,69.71528159970647,254.0,2.0,77.24260565176635,1.5053854445614572,0.983746071496264,0.003591229838709677,0.9963108435028472,0.9990600363936316,0.9896610468083766,0.0021440463098729226,0.0,0.0,0.0,0.0,0.0,01_6,0
01,6,7,7,587.0,348.0,0.0,0.0,0.0,5499.0,307.6639969244288,0.7705426428440876,0.9647368421052631,107.00240166097976,68.20209488770607,0.8188469289639992,69.13820694671759,254.0,2.0,76.91476846522868,1.533944300888661,1.0430826483246802,0.003600775904203324,0.9962087851633846,0.9990980917014182,0.9895766450955047,0.0020829514907135874,0.0,-1.0,1.0,0.0,0.15999999360000025,01_6,0
01,6,15,15,588.0,347.0,0.0,0.0,0.0,5968.0,312.3919189857867,0.7686767331760369,0.9497135582431572,111.21993930304426,71.14043944573022,0.714221882528385,66.03317694369973,254.0,2.0,75.69561841533287,1.6072407819940835,1.2997753345291736,0.003650415444770284,0.9959892848403398,0.9990275470595977,0.9896554250806944,0.0022146871945259044,0.0,0.0,0.0,0.0,0.4799999808000007,01_6,0
01,6,16,16,588.0,347.0,0.0,0.0,0.0,5553.0,299.3208511739212,0.7799353224147364,0.9618915641780703,108.05131550304763,67.62500954960899,0.7035988503433601,69.93949216639655,254.0,1.0,76.37717131278944,1.53127509388054,1.0306081651657903,0.00350913367546432,0.9960016994098181,0.9990697457357206,0.989995654694766,0.002121135752688172,0.0,0.0,0.0,0.0,0.5199999792000009,01_6,0
01,6,20,20,589.0,345.0,0.0,0.0,0.0,6132.0,307.8061325481597,0.7116028332992479,0.9594742606790799,106.92383679628833,75.12275860813853,0.6162759140825027,63.18672537508154,254.0,2.0,74.48994337032796,1.7087914596515381,1.6102927670652347,0.0034728586265884652,0.9959330227959805,0.9990301465266628,0.9899099273414802,0.002182230571847507,0.0,0.0,0.0,0.0,0.679999972800001,01_6,0
01,6,26,26,584.0,341.0,0.0,0.0,0.0,6832.0,350.2497833620557,0.7061488257498532,0.9158176943699732,113.34286256103539,80.25393723064232,0.6445127018730384,56.09733606557377,254.0,2.0,72.72716799656376,1.878598969323332,2.257006896017092,0.003446129643206257,0.9959283287891131,0.999055700376191,0.989892169745472,0.002130681818181818,0.0,0.0,0.0,0.0,0.9199999632000014,01_6,0
01,6,28,28,588.0,347.0,0.0,0.0,0.0,6491.0,312.9360748630709,0.6169470322130424,0.9785918890396502,103.91285597926536,81.77990351243076,0.36925338811008146,57.89215837313203,254.0,2.0,74.39402659187732,1.8271784847124755,1.9564935902431335,0.0034308559384164227,0.996033345069001,0.999085566801189,0.990010140582522,0.0020772238514173997,4.0,6.0,7.211102550927978,0.0,0.9999999600000016,01_6,0
01,7,3,3,651.0,396.0,0.0,0.0,0.0,8280.0,368.00714267493646,0.6901755860081626,0.9540269616315243,121.64113602774646,88.02462792378456,1.2978737925528072,52.0463768115942,254.0,1.0,72.47552493032146,1.966452291567157,2.6781711629028635,0.003154020039100684,0.9957145298994311,0.9990541437499455,0.9920934296875836,0.0020905883431085043,0.0,0.0,0.0,0.0,0.0,01_7,0
01,7,7,7,650.0,408.0,-1.0,12.0,12.041594578792296,8394.0,354.8772003600252,0.5552746893983723,0.9775241644346104,113.84618466267523,94.6821162578021,0.7424087920727809,50.74886823921849,254.0,1.0,72.32967851361104,1.9718810199107533,2.7003541328017038,0.0031750213831867055,0.9958700386924957,0.9990671683844271,0.9920162956394359,0.002069586999022483,0.0,0.0,0.0,0.0,0.15999999360000025,01_7,2
01,7,15,15,650.0,406.5,0.0,-0.5,0.5,8793.0,373.0782104868019,0.4886254654852606,0.9653090350203096,114.40485125278363,99.81750527620886,-0.20175690635173127,50.12885249630388,254.0,1.0,71.50768748859952,2.0313874197625132,2.9596309275053967,0.0034098545943304004,0.9956343355523213,0.9990272350759186,0.9915444429458006,0.0021765029325513194,0.0,0.0,0.0,0.0,0.4799999808000007,01_7,0
01,7,16,16,650.0,406.0,0.0,-0.5,0.5,8830.0,363.94826817189073,0.3864796689751241,0.9734318156763312,111.04795730357746,102.41930077775974,-0.4854425962157852,49.3836919592299,254.0,1.0,71.2659702168205,2.0504891895154636,3.0399553999622304,0.003423219086021505,0.995719247644795,0.9990206875980565,0.9914367598576955,0.002189867424242424,0.0,-0.5,0.5,0.999996000012,0.5199999792000009,01_7,2
01,7,20,20,656.0,411.0,0.0,0.0,0.0,9334.0,386.3919189857867,0.5744930628983224,0.9518662043646747,122.08783334565292,99.93004539372575,0.7728595421870307,46.55603171202057,254.0,1.0,69.1332842528166,2.184870430964556,3.612473678853102,0.0032399346285434997,0.995517054823944,0.9990252499565978,0.991682018423894,0.0021535923753665687,6.0,5.0,7.810249675906654,0.0,0.679999972800001,01_7,0
01,7,26,26,660.0,414.0,0.0,0.0,0.0,9935.0,393.3208511739212,0.49741919699346315,0.9645631067961165,121.5072391244061,105.40878299562833,1.1786426478606626,44.02244589833921,254.0,1.0,68.40878342861137,2.247779031368453,3.8971901588865805,0.0030681054496578693,0.9956010359220926,0.99906512054616,0.9922103361114062,0.002061950146627566,0.0,0.0,0.0,0.0,0.9199999632000014,01_7,0
01,7,28,28,660.0,414.0,0.0,0.0,0.0,9478.0,383.1198410471445,0.33460321025877543,0.9655664221678891,113.67333072106557,107.12109873794935,0.6122084781477807,46.022262080607724,254.0,1.0,70.27336090189424,2.145622643719541,3.386426160006576,0.0032265701368523947,0.9956868538368912,0.9990194331023908,0.9919788092334777,0.0021612292277614856,0.0,0.0,0.0,0.0,0.9999999600000016,01_7,0
01,8,3,3,571.0,449.0,0.0,0.0,0.0,4659.0,281.76450198781714,0.7801241939315894,0.9467587888640521,98.8631928830308,61.851253554826826,-0.32333086817295664,56.28783000643915,253.0,2.0,71.7436545502474,1.6650568458612685,1.511615373519354,0.003056650171065494,0.9974447136543595,0.9992260283350032,0.9869269143334554,0.0017908418866080158,0.0,0.0,0.0,0.0,0.0,01_8,0
01,8,7,7,571.0,449.0,0.0,0.0,0.0,3893.0,238.06601717798213,0.5489312834952194,0.9672049689440994,77.5276898514057,64.80287483344375,-0.3585913414867224,66.87182121757,254.0,2.0,78.19314714647192,1.447585415510482,0.6862766684964168,0.0025831653225806446,0.9975153683834018,0.9993399919429478,0.9891688452675991,0.0015216428396871943,0.0,0.0,0.0,0.0,0.15999999360000025,01_8,0
01,8,15,15,573.0,431.0,-1.0,-4.0,4.123105625617661,5312.0,288.3919189857866,0.31368438091594764,0.9595375722543352,85.65936603772657,81.33590726277,-0.16295875267818496,53.044051204819276,254.0,1.0,72.51167813613101,1.7916137195460795,1.9813299010651546,0.0026576246334310853,0.9972815242961872,0.9992953552318175,0.989338446905326,0.0016094666422287389,0.0,0.0,0.0,-0.0,0.4799999808000007,01_8,0
01,8,16,16,573.0,431.0,0.0,0.0,0.0,4657.0,262.0071426749364,0.5437278407180566,0.9761056382309788,84.45119389799247,70.87664421303894,0.39828492090483586,60.02061412926777,254.0,1.0,75.62227997978869,1.5938383997197918,1.2386482087591517,0.0026251680107526884,0.9973693084250431,0.9992878851116073,0.9896105193821493,0.0016132850684261973,-1.0,-4.0,4.123105625617661,-0.0,0.5199999792000009,01_8,0
01,8,20,20,578.0,431.0,0.0,0.0,0.0,5168.0,279.9655121145938,0.33856203436723686,0.9629215576672256,84.42055625095847,79.43502206035829,0.9961274994230596,55.19988390092879,254.0,1.0,72.47505778910775,1.7202470843970625,1.7152738418169076,0.002581256109481916,0.9971689038418773,0.9992814257512728,0.9896462437510474,0.0016228311339198435,5.0,0.0,5.0,0.0,0.679999972800001,01_8,0
01,8,26,26,589.0,449.0,0.0,0.0,0.0,5361.0,283.1370849898476,0.6862396923510703,0.9775711159737418,97.34249192688482,70.80454150444014,0.37043793555762955,52.608468569296775,254.0,1.0,71.56260953643873,1.8202535537575213,2.058876902494248,0.00267098912512219,0.9971918257857727,0.9992512800539513,0.9891201200206002,0.0016877443792766371,2.0,9.0,9.219544457292887,0.0,0.9199999632000014,01_8,0
01,8,28,28,589.0,449.0,0.0,0.0,0.0,4522.0,270.1076477383247,0.7048825138504967,0.9621276595744681,91.81167151241308,65.12422885928598,0.16925620314877163,60.46992481203007,254.0,1.0,76.41611683655645,1.6043771503905724,1.1735571171889525,0.002766449780058652,0.9973426206260686,0.9992800616573893,0.9889639024610274,0.0016533785434995113,0.0,0.0,0.0,0.0,0.9999999600000016,01_8,0
01,9,3,3,485.0,485.0,0.0,0.0,0.0,10101.0,394.19090885901,0.5751605528836973,0.9734965304548959,126.03466122804483,103.10146335603943,0.0894847321879898,36.96713196713197,253.0,1.0,56.51037201360155,2.5378705550096994,5.584713568817012,0.003501496823069404,0.9953858492990192,0.9989062092240462,0.9871637148637523,0.0024017900782013686,0.0,0.0,0.0,0.0,0.0,01_9,0
01,9,7,7,473.0,482.0,0.0,0.0,0.0,11615.0,420.13203435596427,0.3960732220599294,0.9729435416317641,127.32554162526083,116.91272254821706,0.08986059600432063,31.602496771416273,253.0,1.0,52.137055489442666,2.765229111411599,6.995174711708538,0.003587411412512219,0.9954364881875188,0.9989084665877687,0.9859034015725809,0.002413245356793744,-12.0,-3.0,12.36931687685298,-0.0,0.15999999360000025,01_9,0
01,9,15,15,480.6595744680851,478.8510638297872,2.659574468085111,1.851063829787222,3.24033542295188,12755.0,475.88939366884495,0.6858313674002249,0.9368343738523687,152.90610176326442,111.27902003538331,0.6405130577571809,28.752018816150528,253.0,1.0,51.5705578135808,2.973363695381506,8.203908917844203,0.0035301350195503425,0.9958619307534311,0.9989453152644714,0.9866646719213792,0.002340695259042033,0.0,0.0,0.0,0.0,0.4799999808000007,01_9,0
01,9,16,16,480.0,481.0,-0.6595744680851112,2.148936170212778,2.2478801441799603,12647.0,453.1614716074871,0.622585960881217,0.9471989215098862,147.02024146381544,115.05089838522426,0.617571083366987,28.369178461295167,253.0,1.0,51.579142557863115,3.0520031252068596,8.69415926077401,0.003297211021505377,0.9958821010888139,0.9989955854500893,0.9874550231211452,0.002220414833822092,2.659574468085111,1.851063829787222,3.24033542295188,0.3052805921348535,0.5199999792000009,01_9,2
01,9,20,20,476.0,480.0,-3.0,1.0,3.1622776601683795,12895.0,451.5462479183374,0.6399448255067623,0.9639680047843313,147.16527089412864,113.0848642355637,0.6764615316590534,27.934470725087245,254.0,1.0,52.143166197854576,3.0959624192116983,8.98540363584329,0.0033793071847507336,0.9960184677960372,0.9990116375263731,0.9869625961178582,0.0022051411290322587,-12.0,-7.0,13.892443989449804,0.6601143514661064,0.679999972800001,01_9,2
01,9,26,26,476.0,475.0,15.0,-3.0,15.297058540778355,12623.0,436.43354954612926,0.5673784541086705,0.9715231278380666,140.26677377093245,115.50367878493404,0.48719927775185934,27.967678048007606,253.0,1.0,52.04870297133697,3.0395756532239617,8.582315677777768,0.003344941348973607,0.9962262916983393,0.9990105282822016,0.9873491101801054,0.0022013227028347994,0.0,0.0,0.0,0.0,0.9199999632000014,01_9,2
01,9,28,28,479.0,475.0,0.0,0.0,0.0,11044.0,430.8183258569795,0.5770617663108304,0.9580152671755725,132.09554673664053,107.88249997027303,0.7562838926202602,30.238138355668237,254.0,1.0,51.60080285711089,2.8706222448143084,7.759762921314319,0.003222751710654936,0.996201514368219,0.9990318561794783,0.9857811241102737,0.0021440463098729226,3.0,0.0,3.0,0.0,0.9999999600000016,01_9,0
01,10,3,3,431.0,600.0,0.0,0.0,0.0,6999.0,320.35028842544403,0.6578522605833542,0.9794290512174643,109.03840933063938,82.12195084582046,1.2038280721692534,33.164737819688526,218.0,1.0,41.56902872064159,1.6731252900196778,2.0158801789350234,0.0027072641739980447,0.9969340514164148,0.9991312135086396,0.9819302261595646,0.0018843933284457479,0.0,0.0,0.0,0.0,0.0,01_10,0
01,10,7,7,427.0,598.0,0.0,-2.0,2.0,7268.0,324.35028842544403,0.569053268772103,0.9805720453318942,106.35601856125311,87.45662437839307,1.1891638882077173,30.201843698403962,242.0,1.0,41.5382155163094,1.9287106134986582,3.019787720193415,0.00227578201368524,0.9972194895297518,0.9992358808505631,0.9805166339696554,0.0016476509042033238,0.0,0.0,0.0,0.0,0.15999999360000025,01_10,0
01,10,15,15,423.0,595.0,0.0,0.0,0.0,7137.0,333.7645019878171,0.6219779307743462,0.9653726498038685,108.44415711680989,84.91554580589401,1.4744516543424795,31.022138153285695,247.0,1.0,46.399611937754266,2.182236038443269,4.123635381896415,0.002418972996089932,0.997368390329724,0.9992621734537206,0.9818327486959515,0.0016247403470185731,0.0,0.0,0.0,0.0,0.4799999808000007,01_10,0
01,10,16,16,423.0,595.0,0.0,0.0,0.0,6921.0,319.6639969244288,0.5532025199354442,0.9803116147308781,103.12371953516696,85.90688462147313,1.5295898359566005,31.220632856523626,246.0,1.0,47.35436398796961,2.1783052062877992,4.016007513396709,0.002409426930596285,0.9975172590902569,0.9992775983405431,0.9821802983036149,0.0015999205767350927,0.0,0.0,0.0,0.0,0.5199999792000009,01_10,0
01,10,20,20,423.0,595.0,0.0,0.0,0.0,6539.0,304.73506473629425,0.4280324108048385,0.979625468164794,96.2017696830444,86.94363697096665,-1.1554491216347997,31.968955497782535,248.0,1.0,45.79743342913929,2.110326285465875,3.918957777114689,0.0022776912267839684,0.9974256814545597,0.9993001341951027,0.9810223725775942,0.0015407349706744867,0.0,0.0,0.0,0.0,0.679999972800001,01_10,0
01,10,26,26,421.0,594.0,0.0,0.0,0.0,5860.0,298.73506473629425,0.6575619060884997,0.9740691489361702,99.84206907269,75.22106650047863,-1.2192708103197254,35.11740614334471,249.0,1.0,49.592987133203536,1.951930382088524,2.9867280140654078,0.00244761119257087,0.9976613813665557,0.9993173325464003,0.9807884313866599,0.0015330981182795698,1.0,1.0,1.4142135623730951,0.0,0.9199999632000014,01_10,0
01,10,28,28,421.0,594.0,0.0,0.0,0.0,5488.0,283.62236636408613,0.6535257392490711,0.9796501249553731,96.23060772487253,72.83736006535973,-0.920528470259802,37.422193877551024,253.0,1.0,54.405283827091964,1.9826783537440054,3.1771526258790583,0.0021860489980449656,0.9978789710557456,0.9993350297166859,0.9843167592733042,0.0014700940860215054,0.0,0.0,0.0,0.0,0.9999999600000016,01_10,0
01,11,3,3,432.0,708.0,0.0,0.0,0.0,6214.0,304.8355697996826,0.4969375259045335,0.9727614276768942,95.7931493020638,83.12798441297392,-0.6308936582997707,27.779691020276793,211.0,1.0,38.87211625461687,2.174938715248691,4.201105838717976,0.0018366630009775174,0.997609865013638,0.9993757996233684,0.9841938359018177,0.0013459952346041057,0.0,0.0,0.0,0.0,0.0,01_11,0
01,11,7,7,428.0,700.0,0.0,0.0,0.0,5989.0,300.9360748630709,0.44951476084845104,0.971924699772801,92.79308926454515,82.88955225400187,-0.8063479083640982,26.945733845383202,243.0,1.0,41.32306643493275,2.441784436930135,5.403885049895333,0.0015636455278592374,0.9978705351245224,0.9994586033185269,0.9823527723413675,0.0011627107771260995,-4.0,-8.0,8.94427190999916,-0.0,0.15999999360000025,01_11,0
01,11,15,15,435.0,696.0,-3.0,1.0,3.1622776601683795,7067.0,318.5929291125633,0.2649821084906265,0.9801664355062414,96.97377497128602,93.5072853262859,0.9672442523933819,22.707938304796944,221.0,1.0,36.04836378503068,2.4448968311114894,5.471807795369534,0.0019817631964809384,0.9978589850900322,0.9993793717220839,0.978918195822141,0.0013612689393939393,0.0,0.0,0.0,0.0,0.4799999808000007,01_11,0
01,11,16,16,435.0,696.0,0.0,0.0,0.0,6958.0,339.5218613006978,0.6084642512748786,0.9372306034482759,107.75450014809316,85.5119546254042,1.3798926479967228,22.401121011784994,198.0,1.0,34.92263339940606,2.3830528836566596,5.188236077181964,0.002468612536656891,0.99779787026878,0.9993037953919862,0.9776976023674785,0.0015655547409579667,-3.0,1.0,3.1622776601683795,0.0,0.5199999792000009,01_11,0
01,11,20,20,426.0,697.0,2.0,-1.0,2.23606797749979,5496.0,282.45079348883235,0.5384750442508173,0.9821300929235168,91.37135794804394,76.9932942796256,-0.8384083262910064,26.809679767103347,212.0,1.0,35.3834138569345,1.82307550399406,2.559446146207307,0.0022700543743890515,0.9979104928936792,0.9993589275917757,0.9732601524336911,0.0014376374633431085,1.0,-1.0,1.4142135623730951,0.9486822029670158,0.679999972800001,01_11,2
01,11,26,26,429.0,694.0,0.0,0.0,0.0,6067.0,313.66399692442883,0.6059882698740899,0.9625575122957322,99.50265191844842,79.15173075963673,-0.3773858556988823,22.47535849678589,187.0,1.0,29.16333191665815,1.8239569108652693,2.564055570478108,0.002359787390029325,0.9976900158174686,0.9993068644736397,0.9709210475397266,0.001535007331378299,0.0,0.0,0.0,0.0,0.9199999632000014,01_11,0
01,11,28,28,429.0,694.0,0.0,0.0,0.0,6408.0,320.97770542341357,0.4479963456123998,0.9520130738374685,96.72211220335285,86.47299107520875,-0.794623200774773,20.200062421972536,173.0,1.0,26.988476988030126,1.993247620140318,3.353734101597186,0.0023712426686217005,0.9976928654356283,0.9992789778678358,0.9720406732080988,0.0015884652981427174,0.0,0.0,0.0,0.0,0.9999999600000016,01_11,0
01,12,3,3,506.0,785.0,0.0,0.0,0.0,9260.0,373.4213562373095,0.44864380415952454,0.972791259586091,115.69771332976339,103.40027929973603,-1.4012722549537626,26.871274298056157,253.0,1.0,47.95187760414365,2.663015757735873,6.1022704991843835,0.0024590664711632458,0.9975364648725672,0.9992814032899423,0.9849041963205604,0.0016056482160312806,-1.0,0.0,1.0,0.0,0.0,01_12,0
01,12,7,7,506.0,786.0,0.0,0.0,0.0,9098.0,374.2914139223983,0.4531026256263768,0.9648955350514371,114.4882679706649,102.06152379936138,-0.6751894655786584,25.739613101780613,251.0,1.0,46.1357089783684,2.6859330726652293,6.273791715163069,0.0023330584066471164,0.9975870758480925,0.9992885822767524,0.9843890527996477,0.0015731915933528836,0.0,0.0,0.0,0.0,0.15999999360000025,01_12,0
01,12,15,15,494.0,786.0,0.0,0.0,0.0,8013.0,362.63455967290594,0.5897471717511219,0.9342427422175585,115.14467428782805,92.98944978097701,0.31617002081847073,28.694122051666042,252.0,1.0,48.17508742275689,2.4319414986687438,4.765477349952662,0.0023368768328445744,0.9976252456053168,0.9992786180849512,0.9841231163093725,0.0015903745112414466,-4.0,0.0,4.0,0.0,0.4799999808000007,01_12,0
01,12,16,16,494.0,786.0,0.0,0.0,0.0,7530.0,343.36248173426384,0.6493711533637134,0.9526821862348178,113.71157405747626,86.47442645795665,0.613142069710706,29.663346613545816,241.0,1.0,48.014209914778526,2.343974490567783,4.3314183284985965,0.0024533388318670577,0.9975326757749695,0.9992570802606233,0.9841120447655228,0.0016457416911045942,0.0,0.0,0.0,0.0,0.5199999792000009,01_12,0
01,12,20,20,494.0,786.0,0.0,0.0,0.0,6887.0,314.5929291125633,0.41301063794803194,0.9792407223091142,98.50100427421741,89.70744540403236,-1.2853357795952063,30.947582401626253,220.0,1.0,47.216990388969535,2.153496710003909,3.3634286905543638,0.002628986436950147,0.9973905165676511,0.9992051721256685,0.9844979706458821,0.0017622036901270776,0.0,0.0,0.0,0.0,0.679999972800001,01_12,0
01,12,26,26,494.0,786.0,0.0,0.0,0.0,9200.0,370.53405460951757,0.4678382241297242,0.9752994805470158,115.72949805188937,102.28336430407904,-0.7159934498619177,23.245108695652174,225.0,1.0,41.0391386360409,2.7118394758432265,6.453886414487513,0.0023693334555229717,0.9975412560018264,0.9992387742762061,0.9841328387460936,0.0016629246089931572,0.0,0.0,0.0,0.0,0.9199999632000014,01_12,0
01,12,28,28,494.0,786.0,0.0,0.0,0.0,6156.0,306.45079348883235,0.5944867553307664,0.9642857142857143,99.49528459395215,80.00469582856066,-0.6721423720325753,31.082521117608838,222.0,1.0,45.13372319388765,2.1182094689540976,3.400885458911465,0.0024151545698924727,0.9976385650765249,0.9992402567240238,0.9825043337528747,0.0016667430351906157,0.0,0.0,0.0,0.0,0.9999999600000016,01_12,0
01,13,3,3,555.0,693.0,0.0,0.0,0.0,2368.0,181.78174593052023,0.4671718994977277,0.9797269342159702,58.50083528639301,51.724479331330855,0.37345100052907276,59.811233108108105,253.0,3.0,67.57947217630583,1.6473719248171999,1.5594131164434586,0.001777477394916911,0.9984268937951837,0.9995317685111772,0.9844396046065336,0.001072977761485826,0.0,0.0,0.0,0.0,0.0,01_13,0
01,13,7,7,555.0,693.0,0.0,0.0,0.0,2391.0,185.3380951166243,0.44519334634912444,0.971161657189277,58.673432415311765,52.538213671213924,0.4510659467337156,59.67084901714764,254.0,1.0,68.83153340492021,1.7099197147018008,1.7784139940891865,0.0016476509042033236,0.9983257433687511,0.9995589250069947,0.9856038067091568,0.0010042460899315738,0.0,0.0,0.0,0.0,0.15999999360000025,01_13,0
01,13,15,15,555.0,693.0,0.0,0.0,0.0,2564.0,186.99494936611666,0.2943782152774134,0.9793735676088617,58.57183437292399,55.976457870559535,0.1462059646887369,56.65366614664587,254.0,1.0,72.40305922942302,1.8020195717550571,1.956287876048016,0.0016801075268817205,0.9983381585755271,0.9995610675891154,0.9866062513243491,0.0010042460899315738,0.0,0.0,0.0,0.0,0.4799999808000007,01_13,0
01,13,16,16,555.0,693.0,0.0,0.0,0.0,2471.0,186.8528137423857,0.37002891043930897,0.9720692368214005,58.38270233724042,54.23871210920879,0.3355550599471892,58.32577903682719,254.0,1.0,73.68357086274477,1.721047566278572,1.671135589936382,0.0016457416911045942,0.9984450425469308,0.9995785563266587,0.9869853248433724,0.0009698802541544477,0.0,0.0,0.0,0.0,0.5199999792000009,01_13,0
01,13,20,20,555.0,693.0,0.0,0.0,0.0,2415.0,187.3380951166243,0.6447146666791179,0.966,63.71576065830595,48.7058127323336,0.8114579632988386,61.819461697722566,253.0,2.0,70.34228437532295,1.5893786038862672,1.3513092167685699,0.0019263960166177906,0.9983495800453224,0.9995131125315986,0.9848931552467112,0.001124526515151515,0.0,0.0,0.0,0.0,0.679999972800001,01_13,0
01,13,26,26,555.0,693.0,0.0,0.0,0.0,2315.0,194.89444430272832,0.6348148618319884,0.9357316087308003,62.84016085598703,48.55434770831755,0.5541698877225558,65.9792656587473,253.0,2.0,70.58818299635146,1.42099339070622,0.7948431436493095,0.001869119623655914,0.9983457560615479,0.9995112423106226,0.9856019194682035,0.0011207080889540566,0.0,0.0,0.0,0.0,0.9199999632000014,01_13,0
01,13,28,28,558.0,699.0,3.0,6.0,6.708203932499369,2385.0,187.1370849898476,0.6722805173196513,0.9746628524724152,64.50735308811193,47.75456763349199,0.758427609602775,61.353878406708596,253.0,3.0,64.14311607884258,1.4944729611423946,1.141740162148511,0.0017144733626588465,0.998303777547972,0.9995138469610718,0.984277592354841,0.0010939791055718474,0.0,0.0,0.0,0.0,0.9999999600000016,01_13,2
01,14,3,3,601.0,735.0,0.0,0.0,0.0,8127.0,365.7056274847714,0.7405749940627335,0.9671545876472688,125.47050096357248,84.31287907720946,-0.6555034900748303,29.479881875230713,249.0,1.0,49.32379271415017,2.5397441597987496,5.505619842036175,0.0021765029325513203,0.9971548093868156,0.9992843457242475,0.9864611251910281,0.0015540994623655918,-1.0,7.0,7.0710678118654755,0.0,0.0,01_14,0
01,14,7,7,601.0,735.0,0.0,0.0,0.0,5964.0,295.86500705120545,0.6777503566086857,0.9775446648090477,101.97197683528827,74.97918772597276,-0.6374273544128547,37.98859825620389,253.0,1.0,54.72258435243619,2.13705409789922,3.4072053324754474,0.0021020436217008796,0.9971453323917853,0.9992853590758152,0.9863671501610392,0.0015407349706744867,0.0,0.0,0.0,0.0,0.15999999360000025,01_14,0
01,14,15,15,607.0,733.0,0.0,0.0,0.0,5775.0,293.4213562373095,0.5847442635522655,0.9663654618473896,95.7397475408943,77.66577717611679,-0.8123718906809203,40.76155844155844,253.0,1.0,55.409753725863744,1.9666223452613134,2.680911553754389,0.0020142198191593357,0.9970593945398364,0.9992757007036687,0.9873235232934329,0.0015426441837732164,0.0,0.0,0.0,0.0,0.4799999808000007,01_14,0
01,14,16,16,607.0,733.0,0.0,0.0,0.0,5603.0,282.5929291125633,0.6612378578397468,0.9848831077518018,97.64069554411168,73.24773664188682,-0.9399704883652743,41.33499910762092,253.0,1.0,55.7921460102548,1.946782251197409,2.6033621212460805,0.002039039589442816,0.9971042164143505,0.9992713095135415,0.9870634015459502,0.0015540994623655918,0.0,0.0,0.0,0.0,0.5199999792000009,01_14,0
01,14,20,20,607.0,733.0,0.0,0.0,0.0,6876.0,320.3919189857867,0.607302818529037,0.9691331923890063,105.32221512958118,83.67538703145426,-0.8178450651108375,34.354275741710296,253.0,1.0,51.94653831000525,2.250017507586729,4.062526457903181,0.001981763196480939,0.9971691039629994,0.9992884924314303,0.9872079647866983,0.001515915200391007,0.0,0.0,0.0,0.0,0.679999972800001,01_14,0
01,14,26,26,616.0,730.0,9.0,-3.0,9.486832980505138,5925.0,319.0782104868019,0.7561079731434657,0.9476967370441459,108.39478374675994,70.93862920789292,-0.9665353309838007,37.90160337552743,238.0,1.0,52.0666298774587,1.9563322134720624,2.5879898733120488,0.0020657685728250243,0.9970603662954238,0.9992453442153987,0.9871777736840658,0.001601829789833822,0.0,0.0,0.0,0.0,0.9199999632000014,01_14,2
01,14,28,28,616.0,730.0,0.0,0.0,0.0,5614.0,294.492424049175,0.7676855632170949,0.9765176552443904,106.10140141555125,67.99261230832992,-0.9037412644009345,39.11809761311008,252.0,1.0,53.75476830952229,1.978957301047564,2.7809374310456496,0.0019645802785923754,0.9973561503191097,0.9992833375560635,0.9863822768174707,0.0015216428396871945,0.0,0.0,0.0,0.0,0.9999999600000016,01_14,0
01,15,3,3,642.0,615.0,0.0,0.0,0.0,9140.0,379.22034611053283,0.5009965821577299,0.9618015363569399,116.78679865780511,101.07304868072232,-0.6398621922595887,47.00262582056893,254.0,1.0,68.16533184656822,1.7634798605624558,2.002772984696878,0.007230190004887586,0.9964729478194677,0.998768091455305,0.980581273964287,0.003136837121212122,0.0,0.0,0.0,0.0,0.0,01_15,0
01,15,7,7,642.0,615.0,0.0,0.0,0.0,8924.0,370.5340546095176,0.536154786662177,0.9746614242027086,117.41656055990819,99.11363026208342,-0.3610338804176668,47.47097714029583,254.0,1.0,67.96674171114904,1.7142964925030386,1.8328985848255357,0.00820961632453568,0.996457654974988,0.998708523768469,0.977414483279089,0.003379307184750734,0.0,0.0,0.0,0.0,0.15999999360000025,01_15,0
01,15,15,15,658.0,606.0,0.0,0.0,0.0,9482.0,383.5046173579948,0.5679783791937277,0.9743115495273326,122.877824959386,101.13379198248565,0.38304689255494523,42.68666947901286,254.0,1.0,64.62055627666645,2.0935328085660116,3.4710959148996583,0.00734665200391007,0.9961151609916293,0.9987874756745923,0.9779579139952657,0.0031062897116324534,3.0,-1.0,3.1622776601683795,0.0,0.4799999808000007,01_15,0
01,15,16,16,666.0,605.0,8.0,-1.0,8.06225774829855,9450.0,387.60512242138304,0.553986637803915,0.958029197080292,122.15319192829985,101.69565430177799,0.32100503473377545,41.93978835978836,254.0,1.0,60.91495393295165,2.131093731857464,3.944534279078187,0.006487506109481915,0.9959882033105084,0.998773009606402,0.9783407485896297,0.0030241935483870967,0.0,0.0,0.0,0.0,0.5199999792000009,01_15,2
01,15,20,20,667.0,605.0,0.0,0.0,0.0,9157.0,378.14927829866735,0.5359401209659826,0.9626787216148024,119.18328725247595,100.62120488285916,0.2516544466853996,43.34279785956099,254.0,1.0,59.158297440951905,1.9015442875753688,3.070053056764568,0.005970109359726294,0.9960912073889088,0.9987533964660537,0.9789486539332339,0.003008919843597263,0.0,0.0,0.0,0.0,0.679999972800001,01_15,0
01,15,26,26,670.0,609.0,-1.0,0.0,1.0,8113.0,410.7766952966369,0.6473394936101335,0.9372689463955638,118.91722465460084,90.63892237767408,0.07566232845161648,42.88080857882411,254.0,1.0,58.654400379067006,2.0452850346391083,3.5787053978705794,0.008011058162267836,0.9960503685666682,0.9987494907557019,0.9679155295630368,0.0032265701368523942,4.0,4.0,5.656854249492381,-0.7071059490806205,0.9199999632000014,01_15,0
01,15,28,28,686.0,607.0,7.0,-2.0,7.280109889280518,6965.0,340.9360748630709,0.6557993012311327,0.9460744362944852,109.65580259279008,82.78303399886752,0.1667270965837821,47.61694185211773,254.0,1.0,60.41829781465232,1.8485715746330362,2.7846470521340754,0.007337105938416423,0.9963203662142479,0.9987723194248733,0.9693461711140398,0.003136837121212122,9.0,0.0,9.0,0.9615237087294021,0.9999999600000016,01_15,2
01,16,3,3,725.0,584.0,0.0,0.0,0.0,11374.0,446.6761902332486,0.6648006799772765,0.9396117306897976,141.13549604585262,105.43114930067988,0.31206786238699147,32.95410585545982,254.0,1.0,49.3131441180529,2.58607787832187,6.813345638612438,0.004477104716520039,0.9954254708031346,0.9987828191653648,0.9802748867483506,0.002754994501466276,0.0,0.0,0.0,0.0,0.0,01_16,0
01,16,7,7,725.0,584.0,0.0,0.0,0.0,11188.0,419.1787155501902,0.6824726400465458,0.964565910854384,141.13355877227875,103.15609043218868,0.19069223271183533,32.26689309974973,253.0,1.0,46.52898714102143,2.583036290155861,7.117670031065812,0.0031902950879765394,0.9954073458188366,0.9989070964466037,0.9843630317322833,0.0023502413245356795,0.0,0.0,0.0,0.0,0.15999999360000025,01_16,0
01,16,15,15,739.0,590.0,10.0,0.0,10.0,10537.0,391.56349186104046,0.540580290940301,0.9819215357375827,126.82423650493966,106.69626983110815,0.35125688639434205,34.270285660055045,253.0,1.0,49.39612388438179,2.4784213605263914,6.1235434939530755,0.0033525782013685244,0.9954417139172194,0.9988644985331715,0.9846866769000218,0.0024476111925708704,1.0,1.0,1.4142135623730951,0.7071062104762801,0.4799999808000007,01_16,2
01,16,16,16,739.0,590.0,0.0,0.0,0.0,11590.0,431.98380207782344,0.5041123481178404,0.9517162095582198,132.08329472471908,114.07216361045755,0.029027966600626818,31.24590163934426,253.0,1.0,48.22453521190718,2.688664400099187,7.361329308527775,0.0034384927908113396,0.9955437985232766,0.9988713380083312,0.9843669333713346,0.002451429618768329,10.0,0.0,10.0,0.0,0.5199999792000009,01_16,0
01,16,20,20,739.0,590.0,0.0,0.0,0.0,9720.0,406.3919189857867,0.6319860737560935,0.9482926829268292,130.4342697419187,101.08391688657724,0.3754853652536147,34.46646090534979,253.0,1.0,48.79157092826228,2.59938133847541,6.6768937135568045,0.003352578201368524,0.9952178356601469,0.9988450754127639,0.9832032139410255,0.002480067815249267,0.0,0.0,0.0,0.0,0.679999972800001,01_16,0
01,16,26,26,732.0,602.0,0.0,0.0,0.0,9676.0,409.0193359837562,0.4114196555131346,0.95499407816818,118.8256773886032,108.30319201272766,0.08937673982506648,33.921248449772634,253.0,1.0,50.002379016696224,2.5555158775800355,6.1079153166055224,0.0038279722629521017,0.9954525601459874,0.9988027556742718,0.9813298941519946,0.0026270772238514177,0.0,0.0,0.0,0.0,0.9199999632000014,01_16,0
01,16,28,28,743.0,605.0,7.0,5.0,8.602325267042627,9004.0,373.1787155501902,0.5205857070381092,0.9717245845024822,116.85715499171211,99.7737394489585,-1.0149052541932406,34.725455353176365,253.0,1.0,50.52850549295434,2.481150475575526,5.67903809757801,0.0038871578690127077,0.9959218618934099,0.9988463418862493,0.9801306114745248,0.0025640731915933523,4.0,-2.0,4.47213595499958,0.46788756140535703,0.9999999600000016,01_16,2
01,17,3,3,700.0,714.0,0.0,0.0,0.0,10456.0,436.47518010647184,0.8401228376318142,0.9501135847342117,158.21654264606713,85.81604857897953,-0.47483288227938025,48.817138485080335,254.0,1.0,68.24924109876204,2.155909487725843,3.432679465648234,0.004790215664711633,0.9939213008906777,0.9986780716141337,0.9888843098419371,0.002978372434017596,0.0,0.0,0.0,0.0,0.0,01_17,0
01,17,7,7,697.0,730.0,11.5,1.0,11.543396380615196,12533.0,649.3868683519033,0.8863298025294789,0.7013430330162284,233.86517056897182,108.292322447899,-1.017257994483289,43.567940636719065,254.0,1.0,64.86910720105145,2.2668443110722234,4.124679718172324,0.005101417399804497,0.9941736049744756,0.9986178087281029,0.9884504728531247,0.0031330186950146626,1.5,0.0,1.5,0.9962398377318588,0.15999999360000025,01_17,1
01,17,15,15,713.0,724.0,-1.0,-3.0,3.1622776601683795,13292.0,686.1980515339465,0.9663901696122581,0.7426943063083198,296.1668090160279,76.13851353786802,-1.0955735965324382,42.24676497141137,254.0,1.0,63.55695006931645,2.280547211577332,4.252809868777282,0.005448894183773216,0.9944958068962743,0.9986016772900076,0.9878525970806421,0.00321320564516129,0.0,0.0,0.0,-0.0,0.4799999808000007,01_17,1
01,17,16,16,714.0,718.0,1.0,-6.0,6.082762530298219,13610.0,696.2985565973347,0.9708306999282771,0.7373896082787018,306.25900152222886,73.4305068211014,-1.0990684284570127,40.931006612784714,254.0,1.0,63.073397767152336,2.3373292715035365,4.512719353935556,0.005305703201368525,0.9945178672047558,0.9986708304827526,0.9881234931121943,0.003062377810361681,-1.0,-3.0,3.1622776601683795,0.883787491575103,0.5199999792000009,01_17,1
01,17,20,20,725.0,703.0,0.0,0.0,0.0,13978.0,702.5828278447967,0.9765504267963793,0.7137459150326797,323.77666301941093,69.70548663141031,-1.118521825474608,40.01917298612105,254.0,1.0,62.251706178526746,2.4285173309336643,4.895504467370359,0.004868493401759531,0.994125012361281,0.9986317991484321,0.9890599259894668,0.0030738330889540566,4.0,-10.0,10.770329614269007,0.0,0.679999972800001,01_17,1
01,17,26,26,729.0,686.0,0.0,0.0,0.0,16696.0,763.5950211536162,0.9825781238088801,0.8612400701537192,350.7872708021025,65.19382193437849,-1.1650188447676977,34.49718495448011,254.0,1.0,58.25780806885746,2.6853766007845974,6.403299488551273,0.004767305107526882,0.9939886024007075,0.9986367173159305,0.9892334958336413,0.003052831744868035,0.0,0.0,0.0,0.0,0.9199999632000014,01_17,1
01,17,28,28,734.0,688.0,0.0,2.0,2.0,15186.0,743.5533905932738,0.981398620748281,0.827034092146825,328.05303782804236,62.979986850776385,-1.1282026141472303,36.55406295271961,254.0,1.0,59.10182140996803,2.5550572303762924,5.640355303271317,0.004633660190615835,0.9940219376198456,0.9985218155154854,0.9890903701765924,0.0032265701368523947,5.0,0.0,5.0,0.0,0.9999999600000016,01_17,1
01,18,3,3,779.0,786.0,0.0,-1.0,1.0,2900.0,232.4507934888324,0.8319221576207769,0.9076682316118936,84.02862497961297,46.626841452593716,-0.7875605043919874,16.279310344827586,79.0,1.0,16.699264475034052,1.4359676790991585,0.7832408539090934,0.0027416300097751712,0.9980279511531841,0.9992822291757895,0.9696109504842356,0.0016476509042033234,3.0,-6.0,6.708203932499369,0.8944261632404392,0.0,01_18,2
01,18,7,7,773.0,781.0,-5.0,0.0,5.0,3209.0,222.79393923933998,0.6628119849954098,0.9691935971005738,75.34130919103976,56.414507419262556,0.7452258405720126,16.34964163290745,81.0,1.0,17.162629273871715,1.662104537113841,1.5514058155274162,0.002995555351906159,0.9975441649183774,0.9991544630802073,0.9697996306142467,0.0019034854594330401,0.0,0.0,0.0,0.0,0.15999999360000025,01_18,0
01,18,15,15,764.0,780.0,-5.0,1.0,5.0990195135927845,3936.0,246.45079348883235,0.6297617654155558,0.9590643274853801,80.79478392688539,62.76044575754588,-0.7942551762114181,16.16742886178862,95.0,1.0,18.449548491154456,1.942312788730718,2.730593836174518,0.0028313630254154453,0.9974401857477383,0.9991490585385124,0.9697081920557404,0.0018843933284457483,0.0,0.0,0.0,0.0,0.4799999808000007,01_18,0
01,18,16,16,757.0,780.0,-7.0,0.0,7.0,3828.0,243.13708498984758,0.68278280127165,0.9659348978046934,82.02480094418685,59.9290758071025,-0.6971080277473997,16.66065830721003,97.0,1.0,19.101487432584,1.9353175073686757,2.6891303526157984,0.0027378115835777128,0.9974669005788032,0.9991663200710581,0.9705990944573447,0.0018404814271749757,-5.0,1.0,5.0990195135927845,0.9805803433003594,0.5199999792000009,01_18,2
01,18,20,20,754.0,793.0,-1.0,2.0,2.23606797749979,4074.0,259.5218613006979,0.8013867512109523,0.9610757254069356,94.02136450681378,56.23855321110939,-0.6618955345841351,17.010309278350515,112.0,1.0,20.86260526001548,2.0784078243748882,3.3202244271016674,0.0022108687683284464,0.9978228285359214,0.9992794940768435,0.9737879078891131,0.001567463954056696,-2.0,10.0,10.198039027185569,0.9647632951796035,0.679999972800001,01_18,2
01,18,26,26,735.0,799.0,-5.0,5.0,7.0710678118654755,4278.0,265.6223663640862,0.7504351802575064,0.9604849573417154,92.05582782442542,60.843751877400535,-0.8086529920856872,17.259934548854606,125.0,1.0,22.102416593147755,2.141514201870265,3.607010056560105,0.0021192265395894427,0.9980795625564693,0.999368611997585,0.9722377925277615,0.0014032716275659822,4.0,-5.0,6.4031242374328485,-0.9938834388987375,0.9199999632000014,01_18,0
01,18,28,28,731.0,801.0,0.0,0.0,0.0,4069.0,261.6223663640862,0.7561613624380127,0.9598962019344185,90.81491511896567,59.42793666905888,-1.2419621636468847,18.445318260014744,117.0,1.0,23.002853228479804,2.0160111440448465,3.001613533913752,0.0025812561094819162,0.9977331481811172,0.9992620502619612,0.9722303929562378,0.0016552877565982407,-4.0,2.0,4.47213595499958,0.0,0.9999999600000016,01_18,0
01,19,3,3,804.0,824.0,0.0,0.0,0.0,4658.0,303.8061325481597,0.9170459333128154,0.9225589225589226,124.51938232642388,49.65603721866209,-0.9661125114216242,12.000214684413912,66.0,1.0,13.904932385711394,1.9371612841969765,2.615683572138754,0.004036076490713587,0.9972042681488001,0.9989457031543725,0.9690431850646166,0.0024170637829912024,0.0,0.0,0.0,0.0,0.0,01_19,0
01,19,7,7,804.0,829.0,0.0,5.0,5.0,3750.0,256.9360748630709,0.8610426291490042,0.9493670886075949,98.34448580669232,50.01139500220109,-1.0497466259290371,15.093333333333334,77.0,1.0,16.647364823165123,1.74280462299648,1.7684023743147579,0.0035740469208211147,0.9975192851362998,0.999089723244728,0.9688458652206855,0.002098225195503421,0.0,0.0,0.0,0.0,0.15999999360000025,01_19,2
01,19,15,15,796.0,840.0,-10.0,-2.0,10.198039027185569,4575.0,305.56349186104046,0.918582068078246,0.9497612621963878,122.89837055569764,48.57315895734311,-1.091107861492738,14.423606557377049,91.0,1.0,17.63280010241596,1.9527879026931516,2.6944442428234856,0.002907731549364614,0.9974753862474433,0.9991602356421646,0.9722339155381409,0.0018805749022482892,0.0,-1.0,1.0,0.19611591979149692,0.4799999808000007,01_19,2
01,19,16,16,796.0,840.0,0.0,0.0,0.0,3978.0,259.27922061357856,0.8396122941301543,0.9636627906976745,97.37005946501203,52.89006790476145,-1.0186377063512493,16.23655103066868,96.0,1.0,18.64051177154515,1.7876083981622943,2.101696244966452,0.002751176075268817,0.9977568915920296,0.9992279340925125,0.9709493248247218,0.001741202346041056,-10.0,-2.0,10.198039027185569,-0.0,0.5199999792000009,01_19,0
01,19,20,20,798.0,839.0,0.0,0.5,0.5,3710.0,257.66399692442883,0.8430070878159857,0.9621369294605809,95.35305275031969,51.290641059513156,-1.015296541681523,17.393261455525607,89.0,1.0,18.606546333262834,1.6298613294022268,1.457653372010478,0.0033544874144672537,0.9973665986839209,0.9990992977067604,0.9693777484210139,0.0020504948680351914,2.0,-1.5,2.5,-0.5999985600029759,0.679999972800001,01_19,0
01,19,26,26,810.0,837.0,0.0,-1.0,1.0,3759.0,261.9655121145938,0.7710031075339602,0.9329858525688757,88.52846293834932,56.37770333492809,-1.0926775302975447,18.974993349295026,107.0,1.0,21.52847646990869,1.71030625568811,1.7643889001935298,0.002747357649071359,0.9978075043966473,0.9992455334089141,0.9717807642105093,0.001708745723362659,9.0,2.0,9.219544457292887,-0.21693021735902965,0.9199999632000014,01_19,0
01,19,28,28,811.0,838.0,0.0,1.0,1.0,3330.0,248.93607486307093,0.6606257262184948,0.9288702928870293,76.7259124516559,57.59932600150431,-1.0192939155016905,21.62162162162162,112.0,2.0,23.082729157496335,1.5764575260729643,1.3249687600292264,0.0026194403714565003,0.9979535064391437,0.9992757430346376,0.9721073985367736,0.0016400140518084065,1.0,0.0,1.0,0.0,0.9999999600000016,01_19,0
01,20,3,3,93.0,897.0,2.0,-3.0,3.605551275463989,3460.0,235.48023074035524,0.6045370619247924,0.9492455418381345,74.91892593919692,59.67869438850223,-0.21594910896733832,22.31907514450867,124.0,1.0,25.854851296436173,1.8036534402781428,2.2482774493300592,0.002138318670576735,0.9979258426371511,0.9993515863090106,0.9775608455875499,0.0014357282502443793,0.0,0.0,0.0,0.0,0.0,01_20,0
01,20,7,7,95.0,888.0,2.0,-4.0,4.47213595499958,3818.0,240.69343417595164,0.6812728685859833,0.9643849456933569,81.87460382871697,59.93463031740087,-0.20958292466846945,18.942116291251963,129.0,1.0,22.752052548168642,2.045242204271646,3.4450870348289557,0.0019225775904203326,0.9979688260781138,0.9993767093072567,0.9728109728046658,0.001357450513196481,0.0,-5.0,5.0,0.8944268121145981,0.15999999360000025,01_20,2
01,20,15,15,96.0,882.0,0.0,0.0,0.0,3963.0,249.4213562373095,0.5227867663511807,0.9503597122302159,77.90692773883688,66.41281129358103,-0.12453953257188476,19.67272268483472,129.0,1.0,24.95179567332376,2.0827922608111424,3.4705467865852393,0.002239506964809384,0.9980222555854021,0.9993609784840365,0.9741538177319454,0.00143381903714565,0.0,0.0,0.0,0.0,0.4799999808000007,01_20,0
01,20,16,16,96.0,882.0,0.0,0.0,0.0,4025.0,244.45079348883235,0.6233446069608142,0.9771789269240106,81.20552671154462,63.49843825485031,-0.32824997752398793,19.411180124223602,133.0,1.0,25.21506252442005,2.1017483802547146,3.5915830144165204,0.0022223240469208217,0.9981214681143812,0.9993615512479662,0.9732390768297452,0.0014300006109481918,0.0,0.0,0.0,0.0,0.5199999792000009,01_20,0
01,20,20,20,105.0,881.0,3.0,4.0,5.0,3762.0,236.89444430272832,0.7306632947797597,0.9781591263650546,83.91403818562574,57.291300944598966,-0.2159319954835122,21.067517278043592,126.0,1.0,25.635448042403365,1.8930142709444655,2.612791694355514,0.0023273307673509283,0.9979391795960877,0.9993288753121089,0.9754262722769657,0.0015025507086999022,0.0,0.0,0.0,0.0,0.679999972800001,01_20,2
01,20,26,26,103.0,884.0,0.0,0.0,0.0,3914.0,246.45079348883235,0.6213505609040415,0.9611984282907662,80.23258869126549,62.86485625620631,-0.4507199097741357,20.04777721001533,127.0,1.0,23.835548749193894,1.9662518611791893,3.0520150643629798,0.0022509622434017593,0.9978819422491636,0.9993394943380861,0.973217301590238,0.0014720032991202344,-1.0,3.0,3.1622776601683795,0.0,0.9199999632000014,01_20,0
01,20,28,28,103.0,884.0,0.0,0.0,0.0,3872.0,244.69343417595164,0.7285584010815684,0.9655860349127182,85.56561801728824,58.61105280705126,-0.5168133382450403,19.469783057851238,112.0,1.0,22.726968546929033,1.9205757079972061,2.7585979645859773,0.002986009286412512,0.9976442921890991,0.9992072653488984,0.97008811027669,0.0018099340175953076,0.0,0.0,0.0,0.0,0.9999999600000016,01_20,0
01,21,3,3,60.0,940.0,0.0,0.0,0.0,2935.0,205.095454429505,0.5806743035897458,0.9731432360742706,68.00878054515742,55.368393494459845,1.0979479934079626,12.665076660988076,60.0,1.0,12.162608804561392,1.4245416394779726,0.9264614860914961,0.002840909090909091,0.9976900769673549,0.9991764681562475,0.9679298504130904,0.001838572214076246,0.0,0.0,0.0,0.0,0.0,01_21,0
01,21,7,7,59.0,940.0,0.0,-2.0,2.0,2816.0,204.26702730475878,0.6385155166878289,0.9686962504299965,68.72427963370168,52.89082064503536,0.8679195319307285,12.274502840909092,58.0,1.0,11.763453512095923,1.4466893075266514,1.066761122387966,0.003152110826001955,0.9977759695934634,0.9991595289741488,0.9631738371593435,0.0019168499511241443,0.0,0.0,0.0,0.0,0.15999999360000025,01_21,0
01,21,15,15,62.0,940.0,3.0,-2.0,3.605551275463989,1747.0,160.71067811865476,0.7124805095070714,0.9700166574125486,56.720901049821904,39.8005968696757,0.8641541184463705,18.75844304522038,66.0,2.0,14.477625454106784,0.9466389403342712,-0.18720979271262772,0.002690081256109482,0.9985757666543383,0.9994140338746453,0.9653502061039799,0.0014128176930596288,2.0,-4.0,4.47213595499958,0.8682427071722338,0.4799999808000007,01_21,2
01,21,16,16,60.0,943.0,-2.0,3.0,3.605551275463989,1685.0,158.4680374315355,0.49980786145121237,0.9552154195011338,50.21614897228923,43.494029803139156,0.8920732344206661,19.03560830860534,66.0,1.0,14.18562534644572,0.8270888884271876,-0.4765014942488701,0.0023807887341153466,0.9985032248834241,0.9994047980650358,0.9695797178736951,0.001382270283479961,3.0,-2.0,3.605551275463989,-0.9230764110461858,0.5199999792000009,01_21,0
01,21,20,20,58.0,940.0,0.0,0.0,0.0,1927.0,170.12489168102786,0.6817037431241317,0.9698037242073477,58.46952019253285,42.77795714871843,0.8937900011336443,16.02283341982356,54.0,1.0,11.8488358901191,0.9082548082133507,-0.31734621551043585,0.003112017350928641,0.9982178347954911,0.9992923858999522,0.9667329775360574,0.0016839259530791787,1.0,-1.0,1.4142135623730951,0.0,0.679999972800001,01_21,0
01,21,26,26,58.0,939.0,0.0,0.0,0.0,1613.0,160.05382386916236,0.6077139278017376,0.9421728971962616,51.63019390783015,41.00242923589723,0.9703847497069257,17.407315561066337,58.0,2.0,12.980537524235665,0.8662957700322811,-0.3783451623905627,0.002600348240469208,0.9986139499415754,0.9994228094604636,0.9665948739495775,0.0013860887096774194,0.0,0.0,0.0,0.0,0.9199999632000014,01_21,0
01,21,28,28,62.0,936.0,0.0,0.0,0.0,1622.0,152.61017305526644,0.4387021982533747,0.9643281807372176,48.18641147154777,43.30187570675808,1.3339155330630843,16.463625154130703,54.0,2.0,11.567668117409564,0.9460925185486603,-0.02014487402023679,0.003035648826979472,0.9985413989976814,0.9993566155737053,0.9603922031303038,0.0015655547409579667,4.0,-3.0,5.0,0.0,0.9999999600000016,01_21,0
01,22,3,3,578.0,964.0,0.0,0.0,0.0,10032.0,417.889393668845,0.8075536194249461,0.9595408895265424,148.47676116189584,87.57072670245512,-0.9243065453025259,28.539872408293462,252.0,1.0,40.948634591935395,2.6294292054178654,6.835198469569766,0.002550708699902248,0.9960154542074792,0.9990382507475131,0.9817223280191724,0.00202758431085044,0.0,0.0,0.0,0.0,0.0,01_22,0
01,22,7,7,583.0,962.0,0.0,0.0,0.0,9283.0,410.0904037956216,0.695002138913974,0.945123192832417,129.6050988548363,93.1870599121571,-1.0234239618689425,29.295809544328343,253.0,1.0,42.06175690127329,2.7198806167025373,7.333467447974023,0.002623258797653959,0.996011886087337,0.9990591173236155,0.9807524771796944,0.002004673753665689,3.0,0.0,3.0,0.0,0.15999999360000025,01_22,0
01,22,15,15,583.0,962.0,0.0,0.0,0.0,9530.0,407.9898987322333,0.6001712977140332,0.9306640625,124.80510634279555,99.82804737528673,-0.9643200091500068,32.51972717733473,253.0,1.0,48.65188762088908,2.581227107619063,6.20163767586611,0.0028886394183773216,0.9961576153104745,0.9990515901861817,0.9845963311234532,0.0020600409335288367,0.0,0.0,0.0,0.0,0.4799999808000007,01_22,0
01,22,16,16,583.0,962.0,0.0,0.0,0.0,9792.0,409.0609665440988,0.5340119512675671,0.9592476489028213,122.47482046703247,103.54963497473337,-0.9939155665565923,32.11274509803921,253.0,1.0,50.834319270223844,2.674591933906807,6.6225427160936,0.00309101600684262,0.9963178520592995,0.999038239516848,0.9850609802811475,0.0021154081133919846,0.0,0.0,0.0,0.0,0.5199999792000009,01_22,0
01,22,20,20,579.0,968.0,0.0,1.0,1.0,9175.0,377.747258045114,0.4600251732278226,0.966399831472509,115.81556312184524,102.8333187256123,-0.8275779488123971,36.503324250681196,254.0,1.0,57.70629728584694,2.561683375828837,5.799604026151783,0.0031215634164222872,0.9963702861532714,0.9990958338240271,0.9873028184323649,0.002021856671554252,0.0,0.0,0.0,0.0,0.679999972800001,01_22,0
01,22,26,26,576.0,964.0,0.0,0.0,0.0,9049.0,389.4629867976521,0.81918361835183,0.9721744735711216,142.40574304840402,81.67415681572763,1.4468095987829808,39.30721626699083,254.0,1.0,60.52330267536793,2.3953866572726974,4.884928879391508,0.0032666636119257084,0.9962928677175465,0.9990644553452163,0.9879923313147885,0.002096315982404692,0.0,0.0,0.0,0.0,0.9199999632000014,01_22,0
01,22,28,28,574.0,965.0,0.0,0.0,0.0,8540.0,378.04877323527904,0.8112955451363942,0.9671574178935447,137.14123867645066,80.1777387527721,1.3710511118793618,41.03665105386417,254.0,1.0,61.158238656204695,2.2787376839044744,4.280706193063403,0.003406036168132942,0.996364416067849,0.9990113963822752,0.9872272111226695,0.0022089595552297163,-2.0,1.0,2.23606797749979,0.0,0.9999999600000016,01_22,0
01,23,3,3,830.0,929.0,0.0,0.0,0.0,7412.0,408.3330444827409,0.6580874175624156,0.8479578995538268,121.99270698787238,91.8533757113557,1.4063596148506203,21.0279276848354,157.0,1.0,30.82882168504052,2.442856091059214,4.922337549565356,0.0028447275171065494,0.9967675166971137,0.999072571660629,0.9814671543391755,0.0020180382453567937,0.0,0.0,0.0,0.0,0.0,01_23,0
01,23,7,7,827.0,930.0,0.0,0.0,0.0,6929.0,372.3919189857867,0.7068673454348559,0.9168982400423449,115.4760345409021,81.6815268203555,1.3002117286879755,22.222687256458364,163.0,1.0,31.566018696978844,2.3350410122780563,4.410844701540414,0.0024075177174975567,0.996860114645237,0.9991520960015239,0.983035599054329,0.0018137524437927665,0.0,0.0,0.0,0.0,0.15999999360000025,01_23,0
01,23,15,15,827.0,943.0,-5.0,5.0,7.0710678118654755,7794.0,417.0548698896889,0.5767411419466816,0.8618821187658963,114.76297456089154,93.75296773269905,-0.7379065916881536,20.47985629971773,156.0,1.0,30.2961037963598,2.4222373288111294,4.779404745053913,0.002816089320625612,0.996950635566122,0.9991063284487888,0.982110685972816,0.0019569434261974585,0.0,0.0,0.0,0.0,0.4799999808000007,01_23,2
01,23,16,16,822.0,945.0,-5.0,2.0,5.385164807134504,7436.0,386.5340546095176,0.6295240375109947,0.9252208535523205,112.64657749817637,87.5242512890183,-0.5423855774055674,20.993948359332975,147.0,1.0,30.228203968805182,2.3488600207091634,4.382109266771735,0.0032666636119257093,0.9966415501416382,0.9989933704173357,0.9809996872101888,0.0022185056207233633,-5.0,5.0,7.0710678118654755,0.9191447293504481,0.5199999792000009,01_23,2
01,23,20,20,816.0,945.0,0.0,0.0,0.0,7831.0,409.7056274847714,0.43337409785424125,0.8871643820097428,107.83165131162038,97.17940681803485,-0.7457844133269592,20.20418848167539,182.0,1.0,31.379150189406783,2.652626658509683,6.161919413672276,0.0023044202101661776,0.9975155455053077,0.9992229839608131,0.980617576036001,0.0016781983137829914,-3.0,-1.0,3.1622776601683795,-0.0,0.679999972800001,01_23,0
01,23,26,26,825.0,941.0,0.0,0.0,0.0,7058.0,362.63455967290594,0.5792296314867451,0.9273420049927736,106.1149269907762,86.50111306828398,-1.0639091309638875,21.68744686880136,171.0,1.0,32.4192143012001,2.3550353040210297,4.52071921382226,0.0023884255865102644,0.9975355077127783,0.9992172338601865,0.9822054512741943,0.0017011088709677422,0.0,0.0,0.0,0.0,0.9199999632000014,01_23,0
01,23,28,28,827.0,934.0,2.0,-7.0,7.280109889280518,6681.0,373.9482681718907,0.6147654227911221,0.9087323177366703,105.08846548596375,82.88432433563055,-1.0514900004017151,23.356683131267776,180.0,1.0,34.99123208777071,2.33241756481012,4.482348376323652,0.0023941532258064512,0.9975059230333289,0.999223093675774,0.9821276216210734,0.0016915628054740956,0.0,0.0,0.0,0.0,0.9999999600000016,01_23,0
01,24,3,3,917.0,909.0,0.0,0.0,0.0,6344.0,337.8061325481597,0.7151057962621878,0.937906564163217,109.83374875771533,76.77557379641978,0.616944304825725,12.959489281210592,70.0,1.0,14.195961168037812,2.036219628256141,3.0172474136316874,0.005002138318670577,0.9952095499084782,0.9984987621817554,0.9705577951228888,0.003323940004887585,0.0,0.0,0.0,0.0,0.0,01_24,0
01,24,7,7,896.0,908.0,-15.0,2.0,15.132745950421556,6366.0,317.32085117392114,0.6890022519406757,0.9664490663427964,107.31492219107098,77.77747706908903,0.879079973859938,12.89726672950047,76.0,1.0,14.474754108783815,2.135150769899073,3.4839389926315647,0.004668026026392962,0.9950437063861185,0.9984663947739878,0.968962556843384,0.0033258492179863144,-2.0,-2.5,3.2015621187164243,0.5160124385208957,0.15999999360000025,01_24,2
01,24,15,15,897.0,902.0,-1.0,-4.0,4.123105625617661,6761.0,338.8772003600252,0.6515871270806518,0.9465210695786084,108.40787263424627,82.23537230682511,0.7034363977471,13.33086821476113,85.0,1.0,15.176459712965157,2.13934988861607,3.4803944399603886,0.004343459799608994,0.9954911642376945,0.9986045647851122,0.9674747676796563,0.00304328567937439,0.0,0.0,0.0,-0.0,0.4799999808000007,01_24,0
01,24,16,16,897.0,900.0,0.0,-2.0,2.0,6256.0,324.8772003600252,0.634411405709514,0.9526419978681285,104.04881420001213,80.42927358894772,0.8086123920411445,14.03628516624041,87.0,1.0,15.521006943252456,1.989846901134312,2.759582023133884,0.003984527737047898,0.9956200325411718,0.9987024184356519,0.9684205078169892,0.0028199077468230695,-1.0,-4.0,4.123105625617661,0.9701417797803813,0.5199999792000009,01_24,2
01,24,20,20,904.0,898.0,1.5,1.0,1.8027756377319946,5324.0,306.492424049175,0.7071377920328116,0.9546351084812623,101.10561976550142,71.48933384391297,1.0913678582350075,15.967129977460557,86.0,1.0,17.583648146677103,1.840503239184785,2.1400345444425524,0.00395398032746823,0.9960166796849571,0.9987708321929888,0.9729496361033171,0.0027034457478005867,1.5,-1.0,1.8027756377319946,0.38461495792328104,0.679999972800001,01_24,0
01,24,26,26,919.0,910.0,0.0,-0.5,0.5,4405.0,276.1076477383248,0.6708075061135145,0.9177083333333333,89.83261481160605,66.62269735310964,1.290423362420964,18.84994324631101,91.0,1.0,19.137733718224073,1.5355482562667482,1.0911878888218496,0.003383125610948191,0.9963324291221454,0.9989243527957653,0.9759512051654924,0.0023521505376344082,0.0,0.5,0.5,-0.999996000012,0.9199999632000014,01_24,0
01,24,28,28,916.0,914.0,-3.0,4.0,5.0,4821.0,305.3208511739212,0.6639458946283853,0.9301562801466332,95.54421724745033,71.44611358642143,1.0126237588758116,18.11595104750052,93.0,1.0,18.93286747780865,1.6338100167010792,1.4512841629736135,0.0037554221652003916,0.9965068933052492,0.9988595776572385,0.9723934076052709,0.002520161290322581,0.0,0.0,0.0,0.0,0.9999999600000016,01_24,2
01,25,3,3,945.0,827.5,1.0,-1.5,1.8027756377319946,8067.0,418.9188309203678,0.8177236949811446,0.8809653816752211,138.94081572163333,79.9758540751885,-1.447030003405576,18.075492748233543,142.0,1.0,17.270024694068066,1.711603812805981,3.1652389624374653,0.003952071114369501,0.9958110106876438,0.9987659016974423,0.9504091344533558,0.002701536534701857,0.0,0.0,0.0,0.0,0.0,01_25,0
01,25,7,7,952.0,822.0,0.0,0.0,0.0,8467.0,447.01933598375615,0.6235608424327451,0.8031682792638968,126.91523675692865,99.21913690651625,1.3623847192659289,16.69528758710287,148.0,1.0,15.779864227294736,1.7819100699501826,3.40289857627031,0.003644687805474095,0.9956776846658001,0.998785602763974,0.9417827595200019,0.0026232587976539588,0.0,0.0,0.0,0.0,0.15999999360000025,01_25,1
01,25,15,15,952.0,833.0,0.0,0.0,0.0,10507.0,523.4873734152917,0.8565680443724542,0.7843971631205674,176.24292924305536,90.94736017744802,0.7765708940960042,14.289426096887789,125.0,1.0,14.806100129698827,2.022402472306741,3.872891073152993,0.004188813538611926,0.9952747712365545,0.9985318133992827,0.9529151966256433,0.0031387463343108507,0.0,0.0,0.0,0.0,0.4799999808000007,01_25,1
01,25,16,16,952.0,833.0,0.0,0.0,0.0,10028.0,496.9604614807105,0.842783324921104,0.7995535002391962,168.91594931448833,90.91951257903963,0.8527961194801816,14.587455125648185,102.0,1.0,14.714272076382672,1.9618803987851081,3.4878711491865584,0.005420255987292278,0.9939324376639815,0.9980993652850123,0.9603049133243396,0.004064714687194526,0.0,0.0,0.0,0.0,0.5199999792000009,01_25,1
01,25,20,20,950.0,844.0,-2.0,9.0,9.219544457292887,11283.0,513.58787847868,0.7704053783746591,0.8340479006505027,160.09025711610792,102.06624029000074,0.9810902340049156,13.444296729593193,83.0,1.0,13.498690166907037,2.145231558723377,4.1553076402327065,0.007176732038123168,0.9921961708806757,0.9974603258606907,0.9643003854891966,0.0054240744134897365,0.0,0.0,0.0,0.0,0.679999972800001,01_25,2
01,25,26,26,944.0,862.0,3.0,-3.0,4.242640687119285,9542.0,477.30360723121805,0.809434587770266,0.8829462385490886,150.8701508937957,88.59246953073277,1.1674789892540973,15.603961433661706,90.0,1.0,15.919989537977441,2.0062719432570653,3.2924228181570117,0.006086571358748779,0.9928242762336352,0.9978723902007227,0.9699731859280603,0.004555382453567939,-7.0,11.0,13.038404810405298,-0.976186755224404,0.9199999632000014,01_25,0
01,25,28,28,944.0,862.0,0.0,0.0,0.0,8932.0,439.06096654409885,0.8452044055804288,0.8969672625025106,149.48507966423088,79.89128135773325,1.0253917756372541,16.53884908195253,94.0,1.0,17.039361715386363,2.0065900512401336,3.2619565280694687,0.006300403225806453,0.9936929899840758,0.9979496658168683,0.9682474709940043,0.004459921798631476,0.0,0.0,0.0,0.0,0.9999999600000016,01_25,0
01,26,3,3,966.0,717.0,0.0,0.0,0.0,5528.0,310.63455967290594,0.7560781620494307,0.9383805805465965,104.87083745438085,68.63600529981042,0.3915659844041032,25.53201881331404,107.0,2.0,24.030877134169742,1.388491117258876,0.6410267771464961,0.005005956744868036,0.9955599578758115,0.9985892892357848,0.9767993279609055,0.003175021383186706,0.0,0.0,0.0,0.0,0.0,01_26,0
01,26,7,7,964.0,719.0,0.0,0.0,0.0,6693.0,354.6761902332486,0.6691514820448857,0.8987511749697865,110.50400852366923,82.11840497584768,0.9202082267173693,22.309278350515463,110.0,1.0,24.37347548378949,1.621624915675186,1.3108535006422875,0.005210242546432064,0.9954674752786856,0.9985499161343417,0.9762478727224618,0.003268572825024438,-2.0,2.0,2.8284271247461903,0.0,0.15999999360000025,01_26,0
01,26,15,15,954.0,727.0,0.0,0.0,0.0,6562.0,379.5046173579948,0.8465224035421197,0.850550874918989,129.8538230778836,69.12808492351097,1.043834639608971,23.651782992989943,107.0,1.0,22.574585390163662,1.4843929679575267,1.0578865404792879,0.005895650048875855,0.9950150677477374,0.9984434545501016,0.9731666140749904,0.0035434995112414466,-6.376470588235293,5.623529411764707,8.501968019677118,0.0,0.4799999808000007,01_26,0
01,26,16,16,954.0,727.0,0.0,0.0,0.0,6780.0,406.4751801064719,0.8513697816570082,0.8778971902110578,131.38411199701173,68.9196389109957,0.9959913256149779,23.014011799410028,105.0,1.0,22.607585032785124,1.524682497046182,1.1887706120297388,0.00640731915933529,0.9946850157405762,0.9983836705619397,0.9723254811258447,0.003703873411534703,0.0,0.0,0.0,0.0,0.5199999792000009,01_26,0
01,26,20,20,952.0,731.0,0.0,0.0,0.0,7483.0,432.9604614807105,0.7545458525429402,0.8740801308258381,124.69964627770429,81.83380975809256,1.025033617292399,21.511693171188025,112.0,1.0,23.2101236363623,1.6896072812246015,1.669427429986829,0.00519115041544477,0.9948426478820053,0.9984394865015567,0.9759257235202049,0.003449948069403714,0.0,0.0,0.0,0.0,0.679999972800001,01_26,0
01,26,26,26,952.0,731.0,0.0,0.0,0.0,6177.0,347.42135623730945,0.5559393237359078,0.9009626604434072,100.91853517198764,83.88579497077845,0.9391967766521112,25.738222438076736,111.0,2.0,26.03067798740774,1.4506014517449122,0.7252045857714222,0.005019321236559139,0.9955199140425574,0.9985550012675101,0.9792613365797064,0.00323802541544477,0.0,0.0,0.0,0.0,0.9199999632000014,01_26,0
01,26,28,28,951.0,744.0,-1.0,13.0,13.038404810405298,5816.0,337.6639969244288,0.47324446382182883,0.911170296099013,96.35981651783682,84.88636323622048,0.6547119659961561,28.73744841815681,136.0,2.0,29.574492952194277,1.4704714778768082,0.7930503463162433,0.004093352883675465,0.9956901455634175,0.9987014206342362,0.9785504643818964,0.00284472751710655,0.0,0.0,0.0,0.0,0.9999999600000016,01_26,2
01,27,3,3,1009.0,703.0,-2.0,0.0,2.0,5866.0,412.1076477383247,0.9116713182178903,0.7884408602150538,153.4507615443492,63.05601702101559,0.3004315782318264,30.79526082509376,254.0,1.0,38.14521553437804,2.5569217206809927,8.079846334806149,0.0020533586876832844,0.9971034618616872,0.999405582799017,0.9716923373468149,0.0013221300708699901,-1.0,5.0,5.0990195135927845,0.1961159986186538,0.0,01_27,1
01,27,7,7,1009.0,702.0,-2.0,0.0,2.0,6015.0,392.8944443027283,0.8810884308702568,0.8570817896836705,139.91587194774144,66.1734297407996,0.42325822155592796,32.37489609310058,212.0,1.0,33.353208395535,1.595603239764517,1.8158349170468426,0.002262417521994135,0.9964896379867213,0.99914803050069,0.9763934452931414,0.0017965695259042037,1.0,-2.0,2.23606797749979,-0.4472131718934613,0.15999999360000025,01_27,0
01,27,15,15,992.0,704.0,1.0,4.0,4.123105625617661,6918.0,389.3624817342638,0.8449045259451636,0.9025440313111546,136.999642113707,73.28345614778908,0.7649610813888637,39.406909511419485,172.0,1.0,37.12846896297696,1.161988119757026,0.4647059523796515,0.0062965847996089945,0.9952771524252307,0.9985126973033166,0.9747661397997044,0.003484313905180841,-5.0,-3.0,5.830951894845301,-0.7071064884202416,0.4799999808000007,01_27,0
01,27,16,16,994.0,703.0,2.0,-1.0,2.23606797749979,6524.0,409.88939366884495,0.8225842478046429,0.8596653050467782,130.92510198057676,74.44967658966878,0.7062097706037364,41.176425505824646,189.0,1.0,36.47909947748642,1.1721749486341169,0.5523603196027147,0.005128146383186707,0.995267721537754,0.9985887249380493,0.9738827083394616,0.003178839809384165,1.0,4.0,4.123105625617661,-0.2169303081911216,0.5199999792000009,01_27,0
01,27,20,20,990.0,692.0,1.0,-4.0,4.123105625617661,6119.0,377.94826817189073,0.7260178738086241,0.8455160978305928,115.81598284106282,79.64385210595448,0.7199729715441475,43.36329465598954,177.0,2.0,36.393671555627115,1.2424835001971248,0.7976112433239004,0.004981136974584556,0.995278167539628,0.9985908865819475,0.977637125558698,0.0031712029569892475,0.0,-2.0,2.0,0.9701417797803813,0.679999972800001,01_27,2
01,27,26,26,970.0,684.0,-1.0,1.0,1.4142135623730951,6121.0,371.26197667087547,0.643015899988872,0.8876160092807425,107.98339530212819,82.69938854269515,0.9265318642379431,41.66590426400915,189.0,2.0,37.27363147108113,1.8010098796416951,2.6240584441807098,0.004234634652981429,0.9950515076549717,0.9986824891881522,0.9776549319459673,0.0028962762707722385,-2.0,-1.0,2.23606797749979,0.31622740098900526,0.9199999632000014,01_27,0
01,27,28,28,965.0,681.0,-1.0,1.0,1.4142135623730951,6303.0,355.8061325481598,0.5891327212936789,0.8987594467417653,105.22301879250342,85.02401712504268,1.452380463539439,39.03902903379343,204.0,2.0,38.52417930006715,1.92825238658674,3.0785200895843996,0.003675235215053764,0.995287478109543,0.9987857828001774,0.9770195234044377,0.0026328048631476053,-4.0,-4.0,5.656854249492381,0.0,0.9999999600000016,01_27,0
01,28,3,3,942.0,542.0,0.0,0.0,0.0,3331.0,360.2325394193526,0.9671174463925484,0.6148025101513473,148.18304756816656,37.68742244985536,-0.9809169725952236,35.719603722605825,220.0,1.0,24.493795033838385,1.4848495299084858,4.760498392453182,0.0018863025415444769,0.9974219404932092,0.9993681835045096,0.9540728969516777,0.0013612689393939393,0.0,0.0,0.0,0.0,0.0,01_28,1
01,28,7,7,937.0,549.0,0.0,0.0,0.0,3491.0,399.33914113715076,0.9668672807442985,0.7004414125200642,151.03833637431177,38.55700232246678,-0.9229535424635841,32.29132053852764,253.0,1.0,27.17977919908273,1.551476511498625,4.441529908779725,0.0014681848729227757,0.9979163292776404,0.9995039431253405,0.9512636473158144,0.0010653409090909088,0.0,0.0,0.0,0.0,0.15999999360000025,01_28,1
01,29,20,5,965.0,511.0,-10.0,-4.0,10.770329614269007,2326.0,263.63455967290594,0.960668163186498,0.9186413902053713,106.18624704206289,29.48780422405852,-0.8460859333516705,21.869303525365435,86.0,1.0,19.883563344139525,1.30526830634356,0.40168284739717786,0.0027950879765395904,0.9978638335613985,0.9992835630332666,0.9722203099145635,0.0016533785434995115,9.0,-1.0,9.055385138137417,-0.8817844626862468,0.679999972800001,01_29,2
01,29,26,11,1005.0,481.0,5.0,-11.0,12.083045973594572,2490.0,218.5512985522207,0.905006428970729,0.955487336914812,86.77168839819798,36.9124930242754,-0.8964188129572045,19.99718875502008,80.0,2.0,18.539645789293928,1.33924934727495,0.4293532946579721,0.003127291055718475,0.9979468221333182,0.9992274580850838,0.9694890954815037,0.0017984787390029323,8.0,-12.0,14.422205101855956,0.9870071198085842,0.9199999632000014,01_29,2
01,29,28,13,1004.0,464.0,-1.0,-5.0,5.0990195135927845,2459.0,225.7228714274745,0.9183957006644563,0.9446792162888974,90.15799004443284,35.672195333637376,-0.9693117301228993,19.610410736071575,86.0,1.0,17.461032819827068,1.3524123703636246,0.7019456419937984,0.002984100073313783,0.9978256334830795,0.999236643559832,0.9635807969043145,0.0017583852639296185,0.0,-12.0,12.0,0.9805804016682322,0.9999999600000016,01_29,2
01,31,3,3,788.0,733.0,9.0,-9.0,12.727922061357855,13647.0,477.38686835190333,0.5168657543478301,0.927799306547012,145.1474423473875,124.25585783044725,0.7026860435925449,21.522312596174984,225.0,2.0,22.462489116174055,2.97285470605871,11.723652099910954,0.0045687469452590414,0.994093734456599,0.9986467465928239,0.9410024563584404,0.002947825024437927,-12.0,-4.0,12.649110640673518,-0.44721352500820877,0.0,01_31,2
01,32,7,3,756.0,722.0,-2.0,0.0,2.0,12404.0,454.3746750430836,0.48538223059360175,0.9480281259553653,137.10506743723826,119.87124274813351,0.4182108583378145,22.284908094163175,247.0,1.0,22.985626256735323,2.8108741858838386,10.828186187271552,0.0038680657380254163,0.9949324687145676,0.9987975652095593,0.9383249148340522,0.00259652981427175,-1.0,0.0,1.0,0.99999850000175,0.15999999360000025,01_32,2
01,32,16,12,768.0,722.0,6.0,1.0,6.082762530298219,13729.0,519.5290039756343,0.42371565530533245,0.8638937830354896,146.15235378896037,132.38410852625486,0.1351981704546021,21.363755553936922,253.0,1.0,21.190641697727933,2.751331311778213,11.725610441755759,0.0037516037390029327,0.9942632465470455,0.9987161169918791,0.9332617964398072,0.0027225378787878785,0.0,0.0,0.0,0.0,0.5199999792000009,01_32,0
01,32,20,16,770.0,721.0,0.0,2.0,2.0,11960.0,446.5584412271571,0.3230980523390223,0.9374510111302712,129.50677169246345,122.56073999240657,-0.6024642352850328,21.98026755852843,253.0,2.0,21.409905623128953,2.482297491071026,9.734897766804739,0.003047104105571847,0.9953539913838148,0.9989871996423747,0.9379771257585882,0.002142137096774193,0.0,0.0,0.0,0.0,0.679999972800001,01_32,0
01,32,26,22,770.0,721.0,0.0,0.0,0.0,12381.0,462.2741699796952,0.36749308172792716,0.9283197120791782,132.35143413551063,123.09030862529934,-0.3603951593405577,21.583474678943542,122.0,1.0,21.431488448309707,2.1786977414960162,4.374072026732713,0.006888440860215054,0.9909988154033283,0.9976098945301091,0.9741025902241858,0.0051109634652981425,0.0,0.0,0.0,0.0,0.9199999632000014,01_32,0
01,32,28,24,770.0,721.0,0.0,0.0,0.0,11346.0,437.03152929257595,0.35862066874994103,0.9369116432700247,126.57931392493008,118.15968547590583,0.8584375567352982,24.393883306892295,148.0,2.0,25.448587296905213,2.3069215036200283,4.921429600427481,0.006292766373411534,0.9921484036922459,0.997829671972076,0.9713656147681752,0.00464893389540567,0.0,0.0,0.0,0.0,0.9999999600000016,01_32,0
02,1,2,2,132.0,70.0,0.0,0.0,0.0,13702.0,624.541197284454,0.8777777469512803,0.7680923818599698,208.79633579429776,100.0276600666037,-1.2004471609681548,47.68099547511312,226.0,5.0,41.25369339517826,1.8597149130957877,2.764138361194127,0.00892557123655914,0.9877104051344412,0.9966948713594677,0.9749085068081408,0.006993447580645162,0.0,0.0,0.0,0.0,0.0,02_1,1
02,1,9,9,135.0,69.0,0.0,0.0,0.0,13390.0,571.8721497261419,0.7906701678125265,0.8224310546035256,178.38985448967478,109.2178223591492,-1.2017404284569746,50.133383121732635,233.0,5.0,43.920283699219304,1.7609703997820847,2.2723951710703183,0.008971392350928642,0.9882398892801254,0.9966163690091139,0.9758043011417387,0.007132820136852396,0.0,0.0,0.0,0.0,0.2592592496570648,02_1,1
02,1,22,22,142.0,67.0,5.0,0.0,5.0,14539.0,664.5411972844539,0.8224170526140162,0.7085282651072125,207.19821897929094,117.87196760803658,-1.38259193611104,51.427539720751085,254.0,3.0,52.11627997297052,1.982491636244277,3.1577121228902802,0.009792353983382211,0.9873281548741604,0.9964982852132782,0.9771546056087511,0.007434475806451614,0.0,0.0,0.0,0.0,0.7407407133058995,02_1,1
02,1,29,29,142.0,67.0,0.0,0.0,0.0,14515.0,684.541197284454,0.6656378382912579,0.6693258323342248,185.57524371166633,138.4901516486493,-1.381608135443966,52.87295900792284,253.0,5.0,52.9124298400844,1.9878620375369231,3.1749455075195314,0.009082126710654937,0.9877317895442171,0.9965371116124941,0.9795567313550374,0.007281738758553277,0.0,0.0,0.0,0.0,0.9999999629629643,02_1,1
02,2,2,2,86.0,153.0,0.0,0.0,0.0,7632.0,349.26197667087547,0.4937959068921195,0.9567506581421588,107.42409985454735,93.41361563560467,-0.5678063739764997,59.359538784067084,224.0,3.0,47.86976707471303,1.2840159668045237,0.7249508463663523,0.005966290933528838,0.9929495369743675,0.9979884591264603,0.9810029756438722,0.0043434597996089945,0.0,-2.0,2.0,0.0,0.0,02_2,0
02,2,9,9,86.0,153.0,0.0,0.0,0.0,8135.0,365.01933598375615,0.48151353867738717,0.9593160377358491,111.71812824538041,97.91408580943663,-1.0187688829083186,61.21524277811924,247.0,2.0,49.74648960493795,1.2467619733010902,0.6389288021089818,0.00608275293255132,0.9927374681714232,0.9978693803824261,0.9795122043580476,0.004561110092864125,0.0,0.0,0.0,0.0,0.2592592496570648,02_2,0
02,2,22,22,86.0,148.0,0.0,0.0,0.0,9556.0,417.20310216782974,0.7274067808303517,0.9199961490324444,136.98888105843108,94.00266206332185,1.4300559642041377,53.29447467559648,253.0,4.0,48.079323222159935,1.7391532181071194,2.301545950313322,0.005945289589442815,0.9917988936780969,0.9976993757547006,0.9776664148897634,0.004824581500488758,0.0,0.0,0.0,0.0,0.7407407133058995,02_2,0
02,2,29,29,86.0,148.0,0.0,0.0,0.0,9537.0,404.8183258569795,0.7416486730415336,0.9452869461790069,136.63232746493605,91.65139745885689,0.8077862482630792,52.5303554576911,253.0,3.0,49.25416197283986,1.781843954576336,2.3513908049884247,0.0056111772971652,0.9917632604079016,0.9978144788432235,0.9793312219445471,0.004576383797653959,0.0,0.0,0.0,0.0,0.9999999629629643,02_2,0
02,3,2,2,223.0,149.0,-3.0,-1.0,3.1622776601683795,11608.0,528.173664916307,0.7294634332589037,0.8922367409684858,150.11183004959796,102.67946536675935,0.3046120403898653,56.69538249483115,253.0,3.0,55.03484804829239,1.4154465961829856,0.8887763007991305,0.008011058162267841,0.9907560727406916,0.9972371664941636,0.9803219112679539,0.005937652737047899,-10.0,-3.0,10.44030650891055,0.9995407673241652,0.0,02_3,2
02,3,9,9,219.0,154.0,0.0,0.0,0.0,10869.0,438.57568516986026,0.619286581144387,0.9189989008201572,135.06823849863014,106.0508580557462,0.4308289614905637,59.864016928880304,253.0,1.0,56.073817239072184,1.3240790069518023,0.7096575385397617,0.007549028592375368,0.9908680048872517,0.9974715141950081,0.9819823510472083,0.005467986314760509,0.0,0.0,0.0,0.0,0.2592592496570648,02_3,0
02,3,22,22,214.0,136.0,0.0,0.0,0.0,10424.0,535.8305191657993,0.7470485656153152,0.8833149733073469,146.55397541483126,97.42460772164348,0.3557593519189427,55.3562931696086,254.0,1.0,66.83404230034385,1.8919984757613306,2.4507272676434484,0.006567693059628545,0.9922501152555744,0.997801134221171,0.9854211634957167,0.004753940615835778,0.0,0.0,0.0,0.0,0.7407407133058995,02_3,0
02,3,29,29,207.0,133.0,-4.0,-2.0,4.47213595499958,9857.0,544.7594513539337,0.7437505236934867,0.7834830299658215,147.62870538268407,98.68348542521336,0.04777962719225604,55.44607892868012,254.0,1.0,65.3765577840796,1.951761071798556,2.6993307880982558,0.005924288245356793,0.9925121642786334,0.9979528268171977,0.9857036465670806,0.004395008553274682,0.0,0.0,0.0,-0.0,0.9999999629629643,02_3,1
02,4,2,2,180.0,316.0,0.0,0.0,0.0,6061.0,320.3919189857867,0.6480031501338602,0.9513420185214252,101.93186205058599,77.63514437548051,-0.43367592106687397,60.2034317769345,253.0,1.0,68.63267573794941,1.8362827434760776,2.071069400910341,0.0050613239247311835,0.9952975540966892,0.9986160663686013,0.9834543861911285,0.003131109481915934,0.0,0.0,0.0,0.0,0.0,02_4,0
02,4,9,9,180.0,316.0,0.0,0.0,0.0,6785.0,330.91883092036784,0.7091949276702632,0.9590106007067137,112.54234616317976,79.34375519020914,-0.6428553089867372,55.61105379513633,254.0,1.0,65.5383157278244,1.9830424392587163,2.7641996506922606,0.0049009500244379285,0.9950542682745358,0.9985853403610905,0.982942205918664,0.003157838465298143,0.0,0.0,0.0,0.0,0.2592592496570648,02_4,0
02,4,22,22,174.0,316.0,0.0,0.0,0.0,6561.0,352.6761902332486,0.7716700365818495,0.9134066546011416,116.31724413360993,73.9804515371266,-0.3619534001866193,51.85581466239903,253.0,2.0,59.78317985273509,1.8941944963036754,2.4448890191235115,0.00531334005376344,0.9953473536044629,0.9985681937268897,0.9777395056681369,0.003255208333333333,0.0,0.0,0.0,0.0,0.7407407133058995,02_4,0
02,4,29,29,171.0,315.0,0.0,0.0,0.0,6117.0,316.43354954612926,0.7662482975533502,0.9589277316193761,111.93229110677423,71.92148777977005,-0.6816175310773558,54.276933137158736,253.0,1.0,58.39787999278513,1.7610499690135095,1.9402825469719893,0.004983046187683284,0.9952471368630861,0.9985744087210228,0.9778685198267615,0.003196022727272727,0.0,0.0,0.0,0.0,0.9999999629629643,02_4,0
02,5,2,2,226.0,364.0,0.0,0.0,0.0,4334.0,289.0782104868019,0.7082514628046604,0.8915860933964205,93.49684081679932,66.00505251165916,-0.25304060285208685,50.543608675588374,233.0,2.0,50.384656201237654,1.5774624137152748,1.386943698757678,0.0035434995112414466,0.9967700044093373,0.9989712572373862,0.9759293999921133,0.0023006017839687196,0.0,0.0,0.0,0.0,0.0,02_5,0
02,5,9,9,229.0,357.0,0.0,0.0,0.0,4462.0,289.76450198781714,0.6492227654951804,0.8976061154697244,92.3445630694451,70.23711931175633,0.007597097848981388,51.342895562528014,233.0,1.0,50.35861838792971,1.5142707918587757,1.2160215915720336,0.0033010294477028345,0.9966077326346419,0.9989580923059783,0.9787646003548237,0.002283418866080156,0.0,0.0,0.0,0.0,0.2592592496570648,02_5,0
02,5,22,22,229.0,357.0,0.0,0.0,0.0,4840.0,299.9655121145938,0.5469494431369065,0.9189291816973609,88.54332627528458,74.12543029557652,-0.1587307472182246,45.0349173553719,235.0,1.0,49.13648368282144,1.759826510012053,1.9709640457563609,0.0034862231182795694,0.9965067499075119,0.9989245601311243,0.9753679644441501,0.0023693334555229713,0.0,0.0,0.0,0.0,0.7407407133058995,02_5,0
02,5,29,29,229.0,357.0,0.0,0.0,0.0,5196.0,306.2914139223983,0.6393579239741731,0.9128601546029516,96.62209553241246,74.29362365740835,-0.5834022817769516,41.91262509622787,211.0,1.0,43.90312383515908,1.7002086548056814,1.7621396186835296,0.003829881476050831,0.9960486468363436,0.9987991222388459,0.975728872871248,0.002634714076246334,0.0,0.0,0.0,0.0,0.9999999629629643,02_5,0
02,6,2,2,191.0,431.0,0.0,0.0,0.0,6115.0,361.0782104868019,0.6535186210375773,0.8644331354255018,105.27762179295404,79.68573087880232,-0.6006571581229425,62.60261651676206,254.0,1.0,73.92698034712214,1.754843165959976,1.7870362766703645,0.0043491874389051804,0.9957773851071029,0.9988049603916244,0.9870522646552817,0.0026900812561094817,0.0,0.0,0.0,0.0,0.0,02_6,0
02,6,9,9,191.0,431.0,0.0,0.0,0.0,5909.0,330.76450198781714,0.44247180143376613,0.907959434542102,93.27739857029975,83.64953101912677,-1.3935227021643222,66.40277542731427,254.0,2.0,75.31113260294633,1.7023147922577069,1.4899253249289304,0.0044675586510263925,0.9955036148486296,0.998767160279109,0.9871405911998616,0.0027779050586510265,0.0,0.0,0.0,0.0,0.2592592496570648,02_6,0
02,6,22,22,191.0,431.0,0.0,0.0,0.0,5489.0,288.5929291125633,0.6032715315700363,0.9648444366320971,94.0881887189297,75.03870516710697,-1.3733394256072873,65.67243578065221,254.0,1.0,74.4754083763281,1.6554589716763526,1.3252344628747341,0.004377825635386119,0.9957984788728971,0.9988112938564344,0.9861962255796695,0.002684353616813294,0.0,0.0,0.0,0.0,0.7407407133058995,02_6,0
02,6,29,29,191.0,431.0,0.0,0.0,0.0,5644.0,325.1370849898476,0.7058405062712054,0.9017414922511583,104.28085231424281,73.86950999934002,-1.166659183955301,65.85223245924875,254.0,1.0,74.5032673547937,1.6178551841624613,1.2281401200093747,0.004452284946236559,0.9957450336981504,0.9988099226832623,0.986247019887305,0.0027072641739980447,0.0,0.0,0.0,0.0,0.9999999629629643,02_6,0
02,7,2,2,131.0,402.0,0.0,0.0,0.0,4815.0,280.69343417595167,0.7393309531162062,0.9655103268498095,97.33681327590405,65.54098568809725,0.45494116584335054,65.8018691588785,254.0,1.0,67.93431404337302,1.5555659882130273,1.201172396144428,0.004450375733137829,0.9962211692135078,0.998813628686064,0.9821356876080245,0.0027034457478005863,0.0,0.0,0.0,0.0,0.0,02_7,0
02,7,9,9,124.0,408.0,-4.0,-2.0,4.47213595499958,5628.0,332.3919189857867,0.7522345981324674,0.938938938938939,110.94027415589485,73.09803305225655,0.21945779866649057,57.60092395167022,253.0,1.0,64.19846359810646,1.7659954701519869,1.9518632664395348,0.004921951368523949,0.9957946986768403,0.9986967632469885,0.9802647405190926,0.002974554007820137,0.0,0.0,0.0,-0.0,0.2592592496570648,02_7,0
02,7,22,22,114.0,413.0,0.0,0.0,0.0,5726.0,310.14927829866735,0.558735640388191,0.9495854063018242,97.59832391299261,80.94276168254538,0.7867910120762698,50.317673768774014,253.0,1.0,59.810185770799805,1.8639449522174565,2.3479701334851724,0.004446557306940371,0.9960553851763696,0.9987817526023912,0.9782891363444707,0.002758812927663734,0.0,0.0,0.0,0.0,0.7407407133058995,02_7,0
02,7,29,29,114.0,413.0,0.0,0.0,0.0,5818.0,327.1787155501902,0.5779480965005434,0.9094888228857276,97.97397639402838,79.95396824685733,1.41929128564777,49.506703334479205,253.0,1.0,57.60840922799068,1.8229458490747508,2.1879713961059686,0.004274728128054741,0.9960468067464231,0.9988181357551762,0.9780890702496392,0.002672898338220919,0.0,0.0,0.0,0.0,0.9999999629629643,02_7,0
02,9,2,2,384.0,444.0,-1.0,0.0,1.0,6639.0,360.14927829866735,0.8230166926235823,0.9103249691484986,123.57168971649705,70.190843469816,1.1411898383345889,53.26630516644073,254.0,1.0,63.13194828198683,1.8592371362294147,2.3795931894352744,0.005842192082111437,0.995307225236469,0.9985490396147714,0.9776956149293353,0.003346850562072336,0.0,0.0,0.0,0.0,0.0,02_9,0
02,9,9,9,384.0,444.0,0.0,0.0,0.0,6430.0,357.87720036002526,0.8638537854253222,0.925845932325414,129.33127136886392,65.14967479690141,1.161882750754173,54.4895800933126,254.0,1.0,61.25004307214819,1.7657483708246975,2.0884101947304794,0.005729548509286413,0.9952366449982318,0.9985402670922864,0.9770395389471084,0.003350668988269795,0.0,0.0,0.0,0.0,0.2592592496570648,02_9,0
02,9,22,22,384.0,455.0,1.0,1.0,1.4142135623730951,5216.0,321.56349186104046,0.6956967668222336,0.9361091170136396,98.25501969924063,70.58007677825456,1.4934412578153722,49.03661809815951,253.0,1.0,54.74934168782175,1.8045725510662574,2.3968066662804963,0.00469857343597263,0.9963654740801685,0.9988312146377403,0.9709697924947596,0.002703445747800586,-1.0,3.0,3.1622776601683795,0.447213137851204,0.7407407133058995,02_9,0
02,9,29,29,379.0,454.0,0.0,0.0,0.0,5563.0,303.7228714274745,0.7033885495780835,0.9530580777796813,102.31277719832593,72.72449119356163,1.4901815130031268,47.76936904547906,254.0,1.0,52.6389844325796,1.759079320509565,2.1364000614909164,0.005250336021505376,0.9961145066515806,0.9987651716901894,0.9670337577971911,0.002884820992179863,0.0,0.0,0.0,0.0,0.9999999629629643,02_9,0
02,11,2,2,466.0,453.0,0.0,0.0,0.0,7355.0,395.5462479183373,0.8187438098867665,0.9094843576109806,134.8960580892879,77.45178775374234,-0.6189758673069717,62.175662814411965,254.0,2.0,69.8651153031424,1.840209538063862,2.1769436669336244,0.005099508186705767,0.9940296937984564,0.9983672590998106,0.986344101134818,0.003560682429130009,0.0,0.0,0.0,0.0,0.0,02_11,0
02,11,9,9,466.0,453.0,0.0,0.0,0.0,8123.0,382.9482681718907,0.610749612663261,0.9285550983081847,118.42436517724249,93.77122938044974,1.313661625700318,59.23833559029915,254.0,1.0,69.4514698038969,1.9275404137316638,2.5308297592933693,0.004805489369501467,0.9936947384199412,0.9983298126061558,0.9878691476343116,0.0035778653470185736,0.0,0.0,0.0,0.0,0.2592592496570648,02_11,0
02,11,22,22,467.0,449.0,1.0,-1.0,1.4142135623730951,8457.0,391.40411229460636,0.8584039844410438,0.9521504165728439,146.3009449496607,75.04862012409559,1.059219077074532,57.202908832919476,254.0,1.0,70.70898563112208,1.9111538996393416,2.4306941064594527,0.004876130254154448,0.9939637147043298,0.9983405776307815,0.9882512732329739,0.0035702284946236553,1.0,0.0,1.0,0.707105574081327,0.7407407133058995,02_11,2
02,11,29,29,469.0,452.0,-1.0,3.0,3.1622776601683795,7790.0,364.7766952966369,0.7667271950169157,0.9534883720930233,127.74118611965204,82.00640000751957,1.025076911808673,65.72400513478819,254.0,2.0,70.99091645869684,1.7195957222086462,1.7530451974402634,0.004935315860215054,0.9939110038524273,0.9983635080576049,0.9883155418291822,0.003541590298142718,7.0,-4.0,8.06225774829855,-0.7452409854234103,0.9999999629629643,02_11,0
02,12,2,2,448.0,511.0,5.0,-2.0,5.385164807134504,10556.0,501.48737341529164,0.9053384687889592,0.8883278633341749,184.71596314193613,78.44716609851214,-1.1574602353250918,51.08961727927245,254.0,1.0,63.298086144481246,2.108928778546489,3.454247105971352,0.008564729960899315,0.9928044824346354,0.9978119883206161,0.9785496263283195,0.0050002291055718465,0.0,-1.0,1.0,0.37139023599836335,0.0,02_12,2
02,12,9,9,454.0,501.0,1.0,-1.0,1.4142135623730951,9684.0,419.4041122946064,0.7800422196780771,0.9284755512943432,142.05963951921072,88.890535823639,-1.254328670404202,55.31639818256919,254.0,1.0,66.06526174921756,1.9113057585400597,2.6289612112526344,0.007554756231671555,0.9934567817783989,0.9980098022750271,0.9817241143703145,0.004532471896383187,1.0,-2.0,2.23606797749979,0.9486822029670158,0.2592592496570648,02_12,2
02,12,22,22,470.0,499.0,0.0,-3.0,3.0,9853.0,402.7117241391813,0.5881114431296763,0.955488750969744,125.81116210807396,101.75353940544784,-0.11989417405521252,45.52714909164722,254.0,1.0,58.47873031002195,2.239131841719855,4.1951509092076975,0.0076903103616813295,0.9937941886809198,0.9980751967111965,0.9750072812942628,0.004440829667644183,2.0,-1.0,2.23606797749979,0.44721324642896515,0.7407407133058995,02_12,0
02,12,29,29,485.0,503.0,1.0,-2.0,2.23606797749979,8662.0,402.9188309203679,0.7694017627619185,0.9070157068062827,133.7855710483635,85.45756146905055,0.03438079761195383,48.7966982221196,254.0,1.0,63.91489610650175,2.0320718097296773,3.1174523845914477,0.007153821480938417,0.9949045149811396,0.998399038240194,0.9778828878487262,0.003793606427174976,3.0,-1.0,3.1622776601683795,0.7071062413522957,0.9999999629629643,02_12,2
02,13,2,2,560.0,462.0,0.0,0.0,0.0,4706.0,354.3746750430835,0.9534212433184835,0.8314487632508833,145.7743746275461,43.9716827612828,0.7574981216102162,75.80301742456439,215.0,4.0,49.63656353620715,0.482996880530188,-0.9357538325470163,0.0054756231671554256,0.9958028406096094,0.9984156002026912,0.9818977882197493,0.0035492271505376347,-2.0,-6.0,6.324555320336759,-0.0,0.0,02_13,0
02,13,9,9,576.0,445.0,5.0,-3.0,5.830951894845301,5196.0,422.33304448274095,0.8891778978888432,0.6913251729643427,137.00012275468382,62.6860025704333,1.1981408189411333,73.39472671285604,219.0,2.0,49.485725921319535,0.5069684602616339,-0.9025686571340201,0.005133874022482893,0.9954124803942742,0.998397965466499,0.9834836685036475,0.003522498167155425,4.0,-3.0,5.0,0.9946914243000602,0.2592592496570648,02_13,1
02,13,22,22,609.0,433.0,1.0,2.0,2.23606797749979,4465.0,396.3919189857867,0.9487379631217632,0.6665173906553217,154.99907030118166,48.989583303060016,0.1005884233395982,87.99283314669653,253.0,4.0,63.03343781155222,0.6662911916690739,-0.77564699671156,0.006103754276637341,0.9960061470198702,0.9984430409207301,0.9796156186738894,0.003600775904203324,3.0,0.0,3.0,0.44721324642896515,0.7407407133058995,02_13,1
02,13,29,29,621.0,422.0,4.0,0.0,4.0,4857.0,485.00209204105306,0.8330993232430753,0.526903883705793,146.84035551519355,81.2208396179213,0.5716603630956602,79.2402717726992,253.0,1.0,63.372792995746934,0.8744835364338637,-0.4524490531265237,0.0055519916911045955,0.9957198560420973,0.9983950031625555,0.9809694417548805,0.0035969574780058654,2.0,-3.0,3.605551275463989,0.554699903704142,0.9999999629629643,02_13,1
02,14,2,2,571.0,504.0,0.0,0.0,0.0,3993.0,294.45079348883235,0.8898211263672864,0.9017615176151762,108.98903550167012,49.73273268698591,1.2139608146884964,57.94064613072877,254.0,3.0,54.926449313997814,1.5146481989996163,1.4929632828515418,0.003829881476050831,0.9969226853838606,0.9989705793628352,0.9729267499262424,0.002340695259042033,0.0,-5.0,5.0,0.0,0.0,02_14,0
02,14,9,9,569.0,499.0,-1.0,-2.0,2.23606797749979,5951.0,421.7827919510467,0.8329868900053946,0.743503248375812,133.60777513677488,73.92421017269785,1.4506619611425635,50.483784237943205,253.0,1.0,44.53672012643115,1.5399739195967446,1.9384105036724693,0.0051281463831867055,0.9954615717532903,0.9985706175286051,0.9654670048453055,0.003211296432062561,-1.0,0.0,1.0,0.44721294828709907,0.2592592496570648,02_14,1
02,14,22,22,561.0,499.0,-2.0,0.0,2.0,6029.0,382.77669529663683,0.9403058955020261,0.8870089745475945,154.21065929821694,52.48258481531113,1.091989539804583,31.967490462763312,176.0,1.0,31.826088696750116,1.8104326713462235,2.7547648196785888,0.005313340053763441,0.9955142493612681,0.9985040110491517,0.9621933550782049,0.003358305840664712,-2.0,-4.0,4.47213595499958,0.44721327189334426,0.7407407133058995,02_14,0
02,14,29,29,560.0,482.0,3.5,-7.0,7.826237921249264,6786.0,517.9310242291876,0.9178694134830935,0.6397058823529411,185.01562493706902,73.42946865562082,1.4541401568604686,37.12643678160919,203.0,1.0,31.079870860648942,1.889644782562353,3.7782109975412297,0.005044141006842619,0.9944759877714667,0.9983018283799535,0.9618462372109826,0.0036656891495601175,-1.5,-7.0,7.158910531638177,0.7808686005908289,0.9999999629629643,02_14,1
02,15,2,2,712.0,399.0,-5.0,-11.0,12.083045973594572,5122.0,409.8772003600252,0.9519437801400749,0.7402803873392109,157.67402506690993,48.29126808740079,1.2172809848613384,60.59371339320578,253.0,2.0,57.810883965524134,1.6100456700981767,1.6989746130466603,0.004761577468230694,0.9957975904079183,0.9987021758486121,0.9768384753017122,0.0029382789589442815,-1.0,-4.0,4.123105625617661,0.9835468462879478,0.0,02_15,2
02,15,9,9,713.0,330.0,-2.0,-6.0,6.324555320336759,3918.0,320.492424049175,0.9368056632793278,0.8639470782800441,124.10325109642399,43.417544876871865,1.3350909586324944,63.855283307810105,241.0,1.0,55.97326931130153,1.1529677846558934,0.20303293204216466,0.004316730816226784,0.996714557220257,0.9988819522525196,0.9762958036029493,0.0025678916177908112,-2.0,-11.0,11.180339887498949,0.9899492485926803,0.2592592496570648,02_15,2
02,15,22,22,593.0,190.0,-1.0,2.0,2.23606797749979,6333.0,454.3746750430836,0.9542275579166652,0.7913282519055355,174.83233855210491,52.28912509794414,1.1385931699407301,41.39602084320227,230.0,1.0,41.52186006636119,1.970940553006138,3.4614275814658892,0.004389280913978494,0.9953635825670685,0.9986444695850086,0.9700531457389755,0.0029821908602150537,-12.0,-8.0,14.422205101855956,-0.12403467051895661,0.7407407133058995,02_15,1
02,15,29,29,605.0,313.0,5.0,12.0,13.0,3584.0,288.45079348883235,0.9419396131510859,0.8968968968968969,118.40317146044197,39.75769138834614,1.254738102341003,51.452845982142854,253.0,2.0,50.88008933545925,1.4912189278398769,1.3850029209496002,0.0024418835532746823,0.9974132938107473,0.9992098440824276,0.9767289659315436,0.0017221102150537632,5.0,26.0,26.476404589747453,0.9791009901673554,0.9999999629629643,02_15,2
02,16,2,2,497.0,584.0,-1.0,-2.0,2.23606797749979,8843.0,416.19090885901,0.8602955144620287,0.9103355981058266,152.21177191990185,77.59690264277191,-0.23114251253631657,47.254438538957366,254.0,1.0,60.301496178772766,2.3140057047962896,4.435257845445295,0.005435529692082111,0.9941013235436997,0.9983154960996072,0.9815984442920048,0.003703873411534702,0.0,-2.0,2.0,0.8944263437869227,0.0,02_16,2
02,16,9,9,494.0,578.0,0.0,0.0,0.0,8789.0,440.19090885900994,0.8998938771800531,0.8599804305283757,167.12024198670122,72.88263201952411,-0.1537815049517862,48.82193651154853,254.0,1.0,61.17111737897809,2.25828489267316,4.110200677869046,0.005700910312805475,0.9938162529067452,0.9982664811568097,0.9814596462287853,0.0038260630498533725,0.0,-5.0,5.0,0.0,0.2592592496570648,02_16,0
02,16,22,22,491.0,570.0,-1.0,-1.0,1.4142135623730951,9274.0,520.9604614807105,0.9564560245844902,0.8411791383219954,208.65138735619908,60.90043015063164,-0.21695510817742936,39.02781971102006,253.0,1.0,48.10314023810868,2.1767438142594546,3.9521063969656884,0.005219788611925708,0.9944563305049232,0.9982815181537311,0.9740919669012137,0.003728693181818182,-2.0,-3.0,3.605551275463989,0.9805797103522862,0.7407407133058995,02_16,2
02,16,29,29,490.0,565.0,0.0,-1.0,1.0,9221.0,492.5756851698602,0.9527600580350695,0.8690857681432611,204.11450455685585,61.994475004133875,-0.23966104912561872,40.61110508621625,253.0,1.0,49.12381571551765,2.1101592785582293,3.7074689839063817,0.004939134286412513,0.9945334582300275,0.9983614268121948,0.9766489882064651,0.0035492271505376347,0.0,-2.0,2.0,0.99999850000175,0.9999999629629643,02_16,2
02,17,2,2,481.0,620.0,0.0,0.0,0.0,5472.0,385.84776310850236,0.9555240831447462,0.8532668018088259,160.25716086093314,47.261933383908016,-0.3594464731088507,16.964181286549707,87.0,1.0,15.499239390954944,1.779137355783466,2.493090215128908,0.0073161045943303995,0.9952441107216792,0.998143989836204,0.9442364201054607,0.004280455767350928,9.0,-3.0,9.486832980505138,0.0,0.0,02_17,0
02,17,9,9,494.0,614.0,0.0,0.0,0.0,5158.0,353.1198410471445,0.9560238325988513,0.9318879855465221,151.28274207558795,44.36956258852197,-0.3717814010819041,17.326870880186117,81.0,1.0,15.058982495479173,1.628012416304149,1.9022092106732504,0.008348988880742914,0.9955339667603681,0.9981095307602217,0.9424750132627316,0.004492378421309874,4.0,-2.0,4.47213595499958,0.0,0.2592592496570648,02_17,0
02,17,22,22,512.0,623.0,0.0,0.0,0.0,3952.0,262.99494936611666,0.8903570470996803,0.9717236292107204,105.60212325738281,48.076731265256555,-0.2010039062604492,17.81831983805668,77.0,1.0,13.9144613705934,1.4241988071586118,1.1048335841669816,0.007459295576735094,0.9963681103243363,0.9984307403396145,0.9358852376332726,0.003814607771260998,0.0,0.0,0.0,0.0,0.7407407133058995,02_17,0
02,17,29,29,508.0,621.0,0.0,0.0,0.0,4302.0,275.96551211459376,0.8712680714477644,0.9549389567147614,106.40023057546586,52.22202527369395,-0.23256339217366107,18.682008368200837,82.0,1.0,16.127996479521087,1.4927483087648246,1.2072531199556185,0.006838801319648093,0.9961600638266064,0.9984197054988385,0.9502342884237946,0.0037420576735092857,0.0,0.0,0.0,0.0,0.9999999629629643,02_17,0
02,18,2,2,592.0,618.0,0.0,0.0,0.0,6444.0,454.5584412271571,0.9320245573199569,0.7592788971367974,161.07616941904203,58.37321809082882,0.6483137482290274,31.88578522656735,170.0,1.0,30.046167501910773,1.864246224482955,2.884930802394279,0.0051930596285435,0.9948786923765194,0.9983325700496893,0.9652322520858794,0.003637050953079179,0.0,-3.0,3.0,0.0,0.0,02_18,1
02,18,9,9,590.0,616.0,-2.0,-1.0,2.23606797749979,5501.0,395.3452377915607,0.949445725653253,0.8611458985597996,157.46070010694078,49.43183047612827,0.6666436008663009,34.300127249590986,171.0,1.0,33.35578151262974,1.6154677086586027,1.8965516906253335,0.0047233932062561105,0.9959978135922614,0.9985581042699758,0.9696267510895028,0.0031826582355816233,0.0,0.0,0.0,-0.0,0.2592592496570648,02_18,0
02,18,22,22,596.0,609.0,0.0,0.0,0.0,4226.0,311.01933598375615,0.9302524364114906,0.8878151260504201,126.26709964100468,46.32994452966241,0.6813665882798394,43.02792238523426,232.0,1.0,39.01513747860962,1.5384910363716922,1.7457910635633658,0.002573619257086999,0.9969064873080266,0.999083496506261,0.972130360223495,0.0019550342130987292,0.0,-1.0,1.0,0.0,0.7407407133058995,02_18,0
02,18,29,29,595.0,618.0,1.0,10.0,10.04987562112089,2464.0,208.7523086789974,0.7220446144918803,0.9207772795216741,69.59397890585196,48.14835048169529,0.5387041322051861,40.27962662337662,228.0,1.0,44.74865020662786,1.9627700032980888,3.0516063143411714,0.0018786656891495604,0.9984097247403216,0.9994666339913613,0.9696009047695708,0.0011970766129032258,0.0,0.0,0.0,0.0,0.9999999629629643,02_18,2
02,19,2,2,657.0,612.0,-1.0,-3.0,3.1622776601683795,6445.0,352.2914139223983,0.884891667605054,0.9393674391488122,134.39922726881866,62.602741195779906,0.3660400634815691,41.986035686578745,254.0,1.0,43.49254368956052,1.7299726020429391,2.36770374094177,0.0037038734115347016,0.9959263596312553,0.9987771812382471,0.9711798274602335,0.002640441715542522,0.0,0.0,0.0,-0.0,0.0,02_19,0
02,19,9,9,655.0,615.0,0.0,0.0,0.0,6562.0,350.53405460951757,0.8277193632998849,0.9347578347578348,126.2855403795474,70.8641557462094,0.4883982081604478,39.95854922279793,254.0,1.0,44.61902247158163,1.814867508633708,2.6759470165021373,0.0035587732160312813,0.9962660789689904,0.9988606878609793,0.9724773607851227,0.0024724309628543504,0.0,0.0,0.0,0.0,0.2592592496570648,02_19,0
02,19,22,22,655.0,612.0,0.0,0.0,0.0,4776.0,307.6223663640862,0.8809523889529634,0.9059180576631259,116.39563364730299,55.07898553508898,0.03699774203221594,27.658710217755445,252.0,1.0,36.89396305033172,3.3088164364221946,11.06521997672165,0.0025774376832844574,0.9975395443952215,0.9992061793132121,0.953850229269863,0.0017412023460410557,-1.0,-1.0,1.4142135623730951,-0.0,0.7407407133058995,02_19,0
02,19,29,29,655.0,612.0,0.0,0.0,0.0,2828.0,272.492424049175,0.9401745395021229,0.8156907989616383,110.82588832941641,37.75762308083475,0.8151682690629651,37.50884016973126,230.0,2.0,40.831027853476115,2.0443429809249354,3.3133764358498103,0.0021306818181818185,0.9980795315144615,0.9993488322043232,0.9631823554902411,0.0014376374633431085,0.0,0.0,0.0,0.0,0.9999999629629643,02_19,0
02,20,2,2,793.0,600.5,-5.0,-9.5,10.735455276791944,5659.0,349.66399692442883,0.8894947957631615,0.848044357860033,133.0361686442089,60.79025215475079,0.03711283847897456,14.318254108499735,46.0,2.0,5.755239541403537,0.8902100341447385,0.8493633075310965,0.02052595002443793,0.9944828263981416,0.9970179520609777,0.8940721004485154,0.008190524193548388,0.0,0.0,0.0,-0.0,0.0,02_20,2
02,20,9,9,791.0,595.0,1.0,-4.0,4.123105625617661,4634.0,290.5929291125633,0.8473035760073916,0.9288434556023251,109.16242136629535,57.97713213819868,0.057437270887620004,14.718170047475184,38.0,2.0,5.659789531453839,0.624876305741748,0.14033677486037766,0.027696954423264912,0.9954782097141444,0.9972458738250103,0.8920733017648074,0.008677373533724341,0.0,0.0,0.0,0.0,0.2592592496570648,02_20,0
02,20,22,22,779.0,582.0,-11.0,-9.0,14.212670403551895,2728.0,210.0243866176395,0.6780237120377228,0.952513966480447,70.03779120643496,51.4805801596207,-0.18182935243900925,38.229838709677416,253.0,1.0,46.773283642808146,2.5790561598395074,6.4203651863862365,0.0019683987047898342,0.9983047790677133,0.9994672993090481,0.9648185291904888,0.0012085318914956014,0.0,0.0,0.0,-0.0,0.7407407133058995,02_20,2
02,22,29,5,771.0,569.0,0.0,-4.0,4.0,4747.0,302.45079348883235,0.8968353433093499,0.9490203918432627,118.84816165172498,52.57420977190088,0.18283658038806544,13.984411207078155,39.0,2.0,5.603214010981505,0.7635266677797284,0.4953847037035404,0.022948741446725325,0.9953608433947625,0.9972932052986434,0.8957336973157085,0.008011058162267843,2.0,-3.0,3.605551275463989,0.832049855556213,0.9999999629629643,02_22,2
02,23,29,5,796.0,597.0,0.0,0.0,0.0,3631.0,228.55129855222071,0.5846527401287814,0.9829453167298322,76.09466883178145,61.73436127111087,0.51838302184575,18.360782153676674,56.0,2.0,9.779409111594196,0.8959451806910562,-0.1401349071233926,0.012010859604105577,0.996474808248282,0.9981626497288906,0.9278202407077535,0.004944861925708702,6.0,6.0,8.48528137423857,0.0,0.9999999629629643,02_23,0
02,26,2,2,740.0,608.0,0.0,-1.0,1.0,9292.0,411.1198410471445,0.6795123525972917,0.9185448793989719,130.51111157212333,95.75131285672805,-1.4735903379459263,31.453508394317694,253.0,1.0,49.616259801829024,2.994688464724837,8.338281216232796,0.003915796065493646,0.9959926985927107,0.9987835176613787,0.9791113645960031,0.0026728983382209187,0.0,-4.0,4.0,0.9999987500013126,0.0,02_26,2
02,26,9,9,737.0,614.0,1.0,-1.0,1.4142135623730951,10884.0,476.68228688765845,0.8363582622881791,0.9050390819890238,164.15773965358076,89.98852046922359,-1.5562582907870008,27.613009922822492,253.0,1.0,44.831601278035855,3.2192239644265768,9.884998574693606,0.0038661565249266863,0.9956819953076844,0.9987808499464246,0.9776469054381877,0.00267098912512219,0.0,1.0,1.0,-0.707105574081327,0.2592592496570648,02_26,0
02,28,22,4,730.0,612.0,0.0,2.0,2.0,5497.0,324.8772003600252,0.7646666206346967,0.9120623859299818,107.72722029932692,69.42222917537278,-1.1596901727033706,38.74076769146807,240.0,1.0,44.70759524892461,2.0648179163725433,3.4235186378606697,0.0033621242668621706,0.9962550477267588,0.9988576728803693,0.972035267702602,0.002462884897360704,0.0,1.0,1.0,0.99999850000175,0.7407407133058995,02_28,2
02,28,29,11,728.0,611.0,0.0,0.0,0.0,7188.0,360.3746750430836,0.43895927158573667,0.924977480375756,103.13142476538917,92.66430298776709,-0.039350329505598566,31.660962715637172,244.0,1.0,40.929076593724545,2.51672430088914,5.579951295168026,0.003558773216031281,0.9961140392780822,0.9987921592263682,0.9690202833249124,0.0026022574535679377,1.0,1.0,1.4142135623730951,0.0,0.9999999629629643,02_28,0
02,29,22,4,754.0,631.0,-2.0,4.0,4.47213595499958,6953.0,371.8061325481597,0.6483088926496997,0.9163152345809172,113.014993292988,86.04706431349219,-0.6766163694960142,20.01208111606501,112.0,1.0,19.996486766024276,1.904442157008293,2.735061231208917,0.006781524926686216,0.9944257043309283,0.9980209570994676,0.9563777652906601,0.004412191471163245,1.0,1.0,1.4142135623730951,0.316227471699586,0.7407407133058995,02_29,2
02,29,29,11,757.0,632.0,-1.0,6.0,6.082762530298219,5373.0,315.22034611053283,0.4477268787283011,0.935085276714236,91.8630891803124,82.14125200396093,-0.8920769945188638,38.51107388795831,222.0,1.0,40.67402655366848,1.7654764701487573,2.131558194806943,0.0035034060361681324,0.9962034194336028,0.998883520688475,0.9711884065856805,0.0024418835532746823,2.0,0.0,2.0,-0.16439887807889564,0.9999999629629643,02_29,2
02,30,2,2,870.0,247.0,-2.0,-1.0,2.23606797749979,2667.0,199.6812408671319,0.7405024445436353,0.9694656488549618,71.28361867769271,47.90641723904282,-1.5429744581327292,13.427821522309712,35.0,3.0,4.062266376682768,0.4676250232632727,0.4218073825110351,0.019164681085043992,0.9974073547792821,0.9983229860084093,0.8386055332830443,0.005561537756598241,-2.0,-4.0,4.47213595499958,0.7999994633439653,0.0,02_30,2
02,30,9,9,871.0,244.0,0.0,0.0,0.0,2264.0,186.95331880577402,0.7659429888761471,0.9642248722316865,67.60370610518078,43.46299720341103,1.4775352440697782,13.694787985865725,32.0,2.0,4.07049727919407,0.5179075237821911,0.5602546762885177,0.017748044965786906,0.9977958602533219,0.9985742422392521,0.8844232404522584,0.004836036779081135,-3.0,3.0,4.242640687119285,0.0,0.2592592496570648,02_30,0
02,30,22,22,876.0,242.0,0.0,1.0,1.0,4002.0,289.9066376115481,0.8808525434135963,0.8816920026437541,108.63548449881557,51.42703286117481,-1.1478964355212724,22.812593703148426,207.0,1.0,20.472867219157497,2.21104231757567,7.697066589529685,0.0022700543743890524,0.9977283162438092,0.9992746810713338,0.9143295322954235,0.001575100806451613,2.0,-4.0,4.47213595499958,-0.894426096573864,0.7407407133058995,02_30,0
02,30,29,29,872.0,249.0,0.0,0.0,0.0,8393.0,453.88939366884495,0.7055406100708277,0.791344521968697,134.01364313130236,94.97138027122097,0.4168930661821684,21.43524365542714,116.0,1.0,21.198142842471437,1.945533724566485,2.937819933229134,0.008341352028347997,0.9930795876012595,0.9975908743360861,0.9582722004061013,0.005382071725317694,2.0,1.0,2.23606797749979,0.0,0.9999999629629643,02_30,1
02,32,2,2,857.0,384.0,0.0,0.0,0.0,3820.0,303.46298679765215,0.8647492802587506,0.8586199145875477,103.72964224912188,52.093423149589604,-0.4667683964127778,14.620942408376964,42.0,2.0,6.078395450977446,0.9294360596568726,0.870819085900731,0.01785114247311828,0.9962581091065219,0.9978541148168362,0.8963569747655453,0.006298494012707724,0.0,0.0,0.0,0.0,0.0,02_32,0
02,32,9,9,857.0,384.0,0.0,0.0,0.0,2716.0,257.6223663640862,0.9238777232406191,0.8809601037950049,100.64446121164092,38.515407473629494,-0.7118444228266025,16.099410898379972,49.0,1.0,6.545781873116927,0.6292602097867009,0.3604937099923502,0.010731686827956992,0.9973577275518967,0.9985263523306841,0.9068365823422988,0.0041315371456500495,0.0,0.0,0.0,0.0,0.2592592496570648,02_32,0
02,32,22,22,867.0,376.0,0.0,0.0,0.0,2679.0,213.095454429505,0.7656957660729272,0.9510117145899893,73.3966332231209,47.20892866586621,-1.5545407211389104,17.46360582306831,45.0,6.0,4.7118619450363175,0.5251957894320156,0.6098190445942588,0.01629704301075269,0.9973940064622207,0.9983669919826424,0.8317708893647324,0.005141510874877811,-1.0,-1.0,1.4142135623730951,-0.0,0.7407407133058995,02_32,0
02,32,29,29,851.0,372.0,-5.0,-5.0,7.0710678118654755,1810.0,182.46803743153546,0.8868575626544286,0.9383100051840332,71.226487629162,32.90969460612508,-1.5533660707284058,14.559116022099447,32.0,3.0,4.423454225475993,0.43048384681559193,0.09086613219895323,0.014687576368523948,0.9982368661649422,0.9988310138818284,0.8796892159681428,0.004034167277614858,0.0,0.0,0.0,-0.0,0.9999999629629643,02_32,0
02,33,2,2,942.0,378.0,0.0,0.0,0.0,5688.0,339.22034611053283,0.8764491925186607,0.9259319550708123,125.38137613121998,60.37042470386901,-0.6592896804076291,64.81627988748242,253.0,5.0,61.79147338936916,1.3725458440661826,0.606635144198135,0.0051968780547409586,0.9952250726215089,0.9983684849701218,0.9798952730512257,0.0035816837732160316,0.0,0.0,0.0,0.0,0.0,02_33,0
02,33,9,9,947.0,381.0,0.0,0.0,0.0,5972.0,324.32085117392114,0.8236427586705571,0.9533844189016603,117.41511768601065,66.5871687551363,-0.7563660897817719,62.638312123241796,253.0,4.0,56.332647483521605,1.342427191808049,0.6030791013869892,0.004522925830889541,0.9948091040037658,0.9984121385660908,0.9808757529046489,0.0033983993157380254,0.5,0.0,0.5,0.0,0.2592592496570648,02_33,0
02,33,22,22,934.0,359.0,0.0,0.0,0.0,2603.0,210.40916292848976,0.7580927817590561,0.9465454545454546,72.40988089283755,47.22186575569863,-1.1417326869144442,16.0787552823665,42.0,2.0,6.039022010945176,0.6329765231819844,0.2282931218864328,0.01378929160557185,0.9974694011846721,0.9985156937358746,0.9028469802201541,0.00453724492913001,0.0,1.0,1.0,0.0,0.7407407133058995,02_33,0
02,33,29,29,921.0,346.0,-3.0,-5.0,5.830951894845301,1962.0,168.61017305526644,0.6541007560231258,0.9679329057720769,57.70746038133361,43.65035182979882,-1.3344433236502504,16.43323139653415,38.0,4.0,4.420192367674822,0.4803533757570547,0.4805632488201761,0.015201154692082114,0.9980831877430625,0.9987607547918459,0.8586492725249129,0.004226997800586511,0.0,0.0,0.0,-0.0,0.9999999629629643,02_33,0
02,35,2,2,64.0,630.0,-1.0,-8.0,8.06225774829855,3996.0,270.2081528017131,0.891777572465645,0.9631236442516269,106.80762881600586,48.32767982936981,1.3372387790296647,16.91216216216216,38.0,2.0,5.71307110153032,0.4111244095812062,-0.12480358044791418,0.02555099890029326,0.9961311012473428,0.9975828613543898,0.9137095526649512,0.007757132820136854,-9.0,-4.0,9.848857801796104,0.5163464711729833,0.0,02_35,2
02,35,9,9,62.0,632.0,3.0,-1.0,3.1622776601683795,14034.0,522.0315292925759,0.8940939593558942,0.9123057921081713,203.97177899460988,91.35476593981912,0.37478233296592445,37.2010118284167,254.0,1.0,53.32921857721827,2.8805247015507005,7.733101140120283,0.006875076368523948,0.9919220774810524,0.9975511187616116,0.9794827427720029,0.00521597018572825,0.0,0.0,0.0,0.0,0.2592592496570648,02_35,0
02,35,22,22,94.0,658.0,2.0,4.0,4.47213595499958,3388.0,277.1370849898476,0.9021778527730354,0.9137001078748651,106.56682631195505,45.9691198218599,0.5113931929334604,59.802833530106255,227.0,4.0,45.321546634837,1.0706522371499265,0.11532530891909287,0.0029869638929618776,0.9969665948935437,0.999046039961044,0.9764706212080065,0.0020839060972629524,0.0,0.0,0.0,0.0,0.7407407133058995,02_35,2
02,36,2,2,105.0,741.0,0.0,0.0,0.0,14113.0,487.7300141024109,0.8348142283485936,0.9672400795010623,182.54579681921345,100.49725637930365,0.39754424522314874,36.923262240487496,254.0,1.0,54.41080600817175,2.965622017931148,8.173667820565681,0.006507552847018573,0.9921131299881524,0.9977578461354926,0.9811068181968121,0.004802625549853373,0.0,-1.0,1.0,0.0,0.0,02_36,0
02,36,9,9,100.0,739.0,0.0,-1.0,1.0,6633.0,438.9360748630709,0.9620537870555516,0.8405778735268027,190.55808785730426,51.995655832918565,1.4270826509655459,47.916930499020054,254.0,1.0,57.99105400097216,1.612015524479151,1.4770300681678084,0.003787878787878789,0.9962403852877761,0.9988467402596614,0.9824679560445889,0.0025487994868035194,-2.0,-1.0,2.23606797749979,0.44721294828709907,0.2592592496570648,02_36,0
02,36,22,22,99.0,732.0,0.0,0.0,0.0,3589.0,231.82337649086287,0.7336717843116406,0.9760674462877346,82.27753245022012,55.907914037975885,-1.5372171879767147,16.598495402619115,37.0,3.0,4.970810082561437,0.42576296983957646,0.29982372277844016,0.026370051319648098,0.996522472671379,0.997755475475527,0.8901107540547364,0.00751657196969697,0.0,0.0,0.0,0.0,0.7407407133058995,02_36,0
02,36,29,29,106.0,728.0,5.0,-6.0,7.810249675906654,6353.0,379.0609665440988,0.5973978020278936,0.8243155572855846,111.55276771076669,89.4591900820342,0.06193085866570933,13.31874704863844,36.0,1.0,4.8512833333625744,0.676348148946902,0.5340083704381264,0.03557818609481917,0.9938117211647817,0.9963112507780618,0.8944894221570242,0.011441914100684264,1.0,-1.0,1.4142135623730951,0.9958923747544097,0.9999999629629643,02_36,2
02,37,2,2,189.0,771.0,-7.0,-6.0,9.219544457292887,7582.0,487.2203461105329,0.9553104278887505,0.7135328439676266,194.64775339980892,57.53874060829407,1.4355253056799424,41.14165127934582,254.0,1.0,52.122021002652495,1.8820797242988907,2.357930042942723,0.004123900293255132,0.995640586492905,0.998683528339897,0.9779718565328059,0.0028752749266862175,2.0,-3.0,3.605551275463989,0.12033132109356576,0.0,02_37,2
02,37,9,9,193.0,770.0,0.0,0.0,0.0,6780.0,388.01933598375615,0.2654977069964605,0.9138697937727457,97.768818813871,94.26004170537198,-1.1720782264663694,35.8646017699115,110.0,1.0,27.18695164753968,0.5229266921686755,-1.0698944149998455,0.010815692204301078,0.9941574246693615,0.997535738736744,0.9742024783722705,0.005867011852394918,0.0,0.0,0.0,0.0,0.2592592496570648,02_37,0
02,37,22,22,200.0,791.0,-6.0,27.0,27.65863337187866,11225.0,476.03152929257595,0.8991421224863683,0.9179751390251881,187.4348341923002,82.03212309963735,0.5935340766208741,39.822895322939864,253.0,1.0,52.884263190254664,2.602340871858616,6.186322298800718,0.006250763685239492,0.9933126297441335,0.9980468819111789,0.9781169680548358,0.004284274193548388,0.0,0.0,0.0,0.0,0.7407407133058995,02_37,2
02,39,29,3,192.0,772.0,3.0,-7.0,7.615773105863909,9911.0,426.24978336205567,0.7021044696885648,0.9242749230625757,135.94501237597166,96.80290226749955,1.4918602631645679,18.983452729290686,79.0,1.0,12.598530191868399,1.048194997388112,0.35712124009442237,0.015275614002932553,0.990943548451933,0.996254910331716,0.9451650966758155,0.008742286779081135,2.0,-12.0,12.165525060596439,0.9713987990973665,0.9999999629629643,02_39,2
02,40,29,3,226.0,772.0,3.0,-11.0,11.40175425099138,2861.0,227.78174593052023,0.8207549586664676,0.9629754291484349,81.92159004241086,46.80019890016202,0.33082093240708693,33.5767214260748,136.0,1.0,26.286662183598416,1.4375636107909164,1.3563073195294324,0.0037592405913978496,0.9974141527851369,0.9990486865105135,0.9633406812352745,0.00219941348973607,0.0,-19.0,19.0,0.9647636858453189,0.9999999629629643,02_40,2
02,41,2,2,107.0,834.0,0.0,0.0,0.0,4498.0,288.45079348883235,0.7335376903342835,0.8983423207509487,93.62561360241224,63.632533559066886,-0.39210583914340963,89.23254779902179,254.0,2.0,86.19697931480766,0.9880725934795184,-0.5401170917694698,0.0037496945259042035,0.9962040178183242,0.9989071335941888,0.9911827478054389,0.0024380651270772234,3.0,-6.0,6.708203932499369,0.0,0.0,02_41,0
02,41,9,9,127.0,843.0,2.0,0.0,2.0,7795.0,442.13203435596427,0.8796943359918904,0.8730958781362007,148.84596904805784,70.78214695735282,0.8385938700844615,65.12392559332906,254.0,1.0,69.85487778026352,1.8004416079202443,2.037533701438422,0.004954407991202347,0.9934570062432799,0.9983376084156593,0.9883813514406204,0.003583592986314761,6.0,3.0,6.708203932499369,0.8944266104532971,0.2592592496570648,02_41,2
02,41,22,22,149.0,836.0,-1.0,0.0,1.0,1621.0,157.095454429505,0.8309970281002202,0.9735735735735735,61.20484950573529,34.04684118719227,-0.8402819502980675,9.605798889574336,31.0,1.0,4.026830549626965,1.0107655293561688,2.1155179283856747,0.009603341886608016,0.998408699095942,0.9990070887543576,0.8484570364764424,0.0030719238758553273,0.0,0.0,0.0,0.0,0.7407407133058995,02_41,0
02,41,29,29,131.0,823.0,-6.0,0.0,6.0,2335.0,197.6812408671319,0.3570494098654859,0.9328805433479824,58.34933757124449,54.50327008508377,0.692090639620138,54.322912205567455,189.0,2.0,38.356741583765555,0.9725435178781672,0.13549656337615046,0.0030394672531769305,0.997941948879934,0.999252542030501,0.9706109245644526,0.0017354747067448678,-3.0,-1.0,3.1622776601683795,0.9486828399368019,0.9999999629629643,02_41,2
02,42,2,2,97.0,890.0,-1.0,-1.0,1.4142135623730951,7209.0,396.6761902332486,0.7276985201185332,0.8699167370580427,119.11081195754934,81.69776328134809,0.9489177611238012,68.2261062560688,254.0,1.0,75.72524039661822,1.5645086523606766,1.0706514972097807,0.004795943304007821,0.9939964374173617,0.9984956489292651,0.9894622877741817,0.003293392595307918,-1.0,-2.0,2.23606797749979,0.9486822029670158,0.0,02_42,2
02,42,9,9,82.0,907.0,-6.0,7.0,9.219544457292887,5993.0,328.3919189857867,0.6052529922847069,0.9184674329501916,100.37690071430958,79.90334294893294,-0.44054227724367323,80.16168863674287,254.0,2.0,81.04836435246597,1.3019747824505825,0.24407755289490352,0.0046642076001955045,0.9949043174969503,0.9986405594642818,0.9902469999050724,0.003024193548387097,-5.0,2.0,5.385164807134504,0.8862251832693167,0.2592592496570648,02_42,2
02,42,22,22,84.0,891.0,3.0,-4.0,5.0,3223.0,213.3380951166243,0.6521782631247749,0.982023156611822,73.75298254144369,55.90960184208733,-1.4137682913636207,25.37356500155135,135.0,1.0,25.615429750616318,1.8048716342241418,2.3726182032451444,0.003094834433040079,0.9973494121503139,0.9990724886097426,0.9621716287121779,0.002054313294232649,3.0,-6.0,6.708203932499369,0.9838695666593492,0.7407407133058995,02_42,2
02,42,29,29,90.0,879.0,2.0,-4.0,4.47213595499958,1763.0,163.39696961967,0.5759431514548214,0.9618112384069831,53.20267744917087,43.492643322509295,-0.7485704434853183,9.555303460011345,35.0,1.0,4.045778729966394,1.2916035576188416,3.9993123686851906,0.0071003635141739995,0.9982874922286181,0.9990552402645195,0.846907369667344,0.0026786259775171076,-3.0,0.0,3.0,-0.4472133464288648,0.9999999629629643,02_42,0
02,43,2,2,185.0,894.0,1.0,0.0,1.0,5924.0,301.4213562373095,0.5233290319701902,0.9626259343516412,94.7301419584232,80.72246186767308,-0.20253870752847786,76.2795408507765,254.0,1.0,81.24338136481838,1.3719855607217228,0.39653887933544274,0.004158266129032258,0.9950151225320836,0.9987077855962758,0.9908566464911915,0.0028332722385141736,2.0,-4.0,4.47213595499958,0.447213048286932,0.0,02_43,2
02,43,9,9,198.0,891.0,0.0,0.0,0.0,7806.0,425.06096654409885,0.8880650222971279,0.828047098758884,153.32430008228397,70.48592001522556,-0.5902169850478592,41.55662311042788,166.0,1.0,30.20616340303366,1.3653979977068769,1.168131045870437,0.007707493279569891,0.9927599199824976,0.9976286959946679,0.9712056356185927,0.005231243890518084,3.0,0.0,3.0,0.0,0.2592592496570648,02_43,0
02,43,22,22,210.0,885.0,0.0,3.0,3.0,3488.0,242.40916292848974,0.7450031468639408,0.933119315141787,83.19405707511085,55.49550675610194,-0.16117808702045783,103.87385321100918,254.0,1.0,90.2538476895442,0.7023096454230867,-1.0675303337656052,0.0033716703323558167,0.9969903760830959,0.999100339048602,0.991799814549318,0.0020485856549364617,-1.0,-2.0,2.23606797749979,-0.8944264928579303,0.7407407133058995,02_43,0
02,43,29,29,217.0,881.0,2.0,0.0,2.0,3567.0,224.89444430272832,0.6492341424257803,0.9775280898876404,77.33606818332834,58.82093233027487,-1.221777220953904,23.690215867675917,124.0,1.0,23.970338930718967,1.9044061154499146,2.8214157832182236,0.0035568640029325508,0.9971833305704124,0.9990183972894925,0.9623105844389551,0.002216596407624633,3.0,-1.0,3.1622776601683795,0.9486825237093467,0.9999999629629643,02_43,2
02,44,2,2,130.0,932.0,1.0,-1.0,1.4142135623730951,8027.0,456.7594513539338,0.9098300046457524,0.8668466522678185,160.6260213867359,66.65677258281416,-0.7369810030187266,40.76230222997384,160.0,1.0,32.02659149725355,1.3694990699244547,1.1410852519481987,0.008539910190615835,0.9927026128414809,0.9975439276802386,0.9718075441097429,0.005504261363636364,0.0,0.0,0.0,0.0,0.0,02_44,0
02,44,9,9,139.0,933.0,0.0,0.0,0.0,10586.0,443.9604614807105,0.5185482939743498,0.9141623488773748,127.61002002574864,109.11273602018278,0.14944845009677182,33.041564330247496,156.0,1.0,23.471670161686,1.842509624591962,3.607072165984536,0.009343688905180841,0.9903323432319286,0.9969575574844196,0.9615258161529041,0.006619241813294233,0.0,0.0,0.0,0.0,0.2592592496570648,02_44,0
02,44,22,22,151.0,933.0,0.0,0.0,0.0,6799.0,403.74725804511405,0.9080704217147973,0.8796739552335361,148.67912586809646,62.26942173307897,0.6941177791686511,70.0055890572143,254.0,1.0,76.04740490932309,1.4148941123101,0.7585862383523958,0.004826490713587489,0.9948039923168175,0.9984941662479613,0.9889870818707673,0.003302938660801564,1.0,0.0,1.0,0.0,0.7407407133058995,02_44,0
02,44,29,29,152.0,933.0,0.0,0.0,0.0,3783.0,289.62236636408613,0.8547052340225797,0.8941148664618294,98.6219328684024,51.19598976676319,-0.1749545322889506,99.93787998942638,254.0,1.0,88.91968356171301,0.7317977374230928,-0.9587955605918013,0.003675235215053764,0.9968653089744076,0.9990219513631071,0.9912107398180675,0.002231870112414468,0.0,0.0,0.0,0.0,0.9999999629629643,02_44,0
02,45,2,2,915.0,144.0,-1.0,-1.0,1.4142135623730951,9547.0,445.01933598375615,0.6787239648614669,0.8891682965446587,131.9783299092692,96.92402463228663,-0.44975985634902277,34.91882266680633,163.0,2.0,26.565953365934273,1.7705949294388779,3.0501884729118016,0.008425357404692083,0.9913598764724496,0.9972480808562848,0.9637790712513562,0.0059834738514174,0.0,-2.0,2.0,0.7071059276339372,0.0,02_45,2
02,45,9,9,928.0,141.0,2.0,2.0,2.8284271247461903,8064.0,462.0904037956216,0.9521354738399033,0.9104662978435136,185.8396163688029,56.80677820278191,-1.3183007154270838,37.78670634920635,162.0,1.0,30.476472383032934,1.3719428835042144,1.2078124969856843,0.00680443548387097,0.9929214327036254,0.9977974142792693,0.973433077370325,0.0047997617302052795,-1.0,-2.0,2.23606797749979,-0.9486825383767066,0.2592592496570648,02_45,0
02,45,22,22,918.0,136.0,0.0,0.0,0.0,5416.0,292.79393923934,0.47180701368577926,0.9437184178428297,89.50076766581348,78.91299189665214,-0.3559761901306602,79.27363367799114,254.0,1.0,83.4719352385487,1.2633615183666524,0.09346356056942318,0.004095262096774194,0.9956523794461241,0.9987950618046533,0.9907664446721721,0.0026767167644183775,0.0,-1.0,1.0,0.0,0.7407407133058995,02_45,0
02,45,29,29,920.0,136.0,2.0,-1.0,2.23606797749979,7450.0,424.23253941935263,0.7721576025467354,0.7835506941522928,136.60611967519603,86.80377194543243,-0.808374882268166,65.36281879194631,254.0,1.0,77.22906944857836,1.527559606873045,0.9398673497348993,0.005882285557184752,0.9946590504419124,0.9983861373858557,0.9872002851599502,0.003644687805474096,0.0,0.0,0.0,0.0,0.9999999629629643,02_45,1
02,46,2,2,962.0,69.0,1.0,0.0,1.0,8167.0,439.0193359837561,0.9347718871365484,0.9110887996430165,173.46993418915272,61.62493935233053,-1.3237244511190212,37.08326190767724,168.0,1.0,31.755697365337536,1.5438712295596764,1.8239112444754797,0.006407319159335289,0.99306379146305,0.9978878885188184,0.97376686589373,0.004582111436950146,-7.0,-1.0,7.0710678118654755,-0.9899483637128227,0.0,02_46,0
02,46,9,9,963.0,64.0,0.0,-1.0,1.0,5247.0,288.69343417595167,0.6895719523896605,0.9700499168053245,96.9239851996238,70.19401514665854,-1.0769313426462863,48.43034114732228,182.0,1.0,33.064704570495735,1.6106127345957504,2.335347335434723,0.00499259225317693,0.9951808613587492,0.9984418860067431,0.9740178417005586,0.0034232190860215054,1.0,-6.0,6.082762530298219,0.986392775277233,0.2592592496570648,02_46,2
02,46,22,22,958.0,73.0,0.0,0.0,0.0,7852.0,417.747258045114,0.8810210958164679,0.896551724137931,151.56230810349044,71.70063895464502,-0.5463510828212989,33.54164544065206,162.0,1.0,30.39789072136942,1.6081782847295722,1.792741134069196,0.006699428763440861,0.9931253535477356,0.9978311320753063,0.9691506557960337,0.0047233932062561105,0.0,4.0,4.0,0.0,0.7407407133058995,02_46,0
02,46,29,29,952.0,76.0,-5.0,7.0,8.602325267042627,5077.0,287.6223663640862,0.538345562010534,0.9428040854224699,88.57257731098612,74.64225323163099,-0.11634034827081655,87.43155406736261,254.0,1.0,85.39300456412663,1.0917073392639285,-0.3564862969432152,0.003843245967741936,0.9956476508021681,0.9988854932509316,0.9917927180811849,0.0024819770283479965,0.0,0.0,0.0,0.0,0.9999999629629643,02_46,2
02,47,2,2,990.0,309.0,0.0,8.0,8.0,5195.0,282.0243866176395,0.25710072169617393,0.9648959881129272,83.83393454794373,81.01582433626574,-0.4947176234461131,46.61405197305101,182.0,1.0,30.643641384571936,1.7676938910337163,2.8225427474833538,0.004744394550342131,0.99512471326123,0.9984628708200369,0.9721125325607404,0.003348759775171065,-4.0,3.5,5.315072906367325,0.658504401661686,0.0,02_47,2
02,47,9,9,994.0,314.0,4.0,4.0,5.656854249492381,8270.0,371.9066376115481,0.730156200668697,0.9485032687234775,125.90876003488974,86.03097111470929,-1.0738093598195118,39.644981862152356,233.0,1.0,42.14387699784616,1.938766885242655,3.1078203282542294,0.004689027370478984,0.9945466743569976,0.9983645463454525,0.9740650484794081,0.0035034060361681333,0.0,0.0,0.0,0.0,0.2592592496570648,02_47,2
02,47,22,22,987.0,335.0,1.0,1.0,1.4142135623730951,12157.0,508.45793616376875,0.6516914413251773,0.9017208129357662,147.72073545954993,112.04384226668024,0.32117577741632763,25.262647034630255,143.0,1.0,23.16460009813555,2.3631393549019966,5.593562583074096,0.009876359359726295,0.9893731737195434,0.9967041165552046,0.958594764987959,0.007125183284457477,0.0,0.0,0.0,0.0,0.7407407133058995,02_47,0
02,47,29,29,999.0,328.0,0.0,-1.0,1.0,8002.0,417.6467529817257,0.8768606731263959,0.8808894760017614,149.6497264461544,71.94329624545443,-0.5351092361324297,36.04073981504624,166.0,1.0,32.020403858894646,1.484640455740729,1.3625991987033421,0.006529508797653959,0.9930201141868056,0.9978282087634851,0.9732774919432288,0.004702391862170088,2.0,0.0,2.0,0.0,0.9999999629629643,02_47,0
02,48,2,2,54.0,40.0,0.0,0.0,0.0,8226.0,374.33304448274095,0.762328730146957,0.9603081951902872,129.02759586846062,83.50537087584478,-1.081416457258534,37.62375395088743,222.0,2.0,40.60589694640456,2.0529937525865996,3.5200267067760977,0.004836036779081133,0.9944192400536256,0.9983779524209582,0.9731803719813037,0.0035053152492668617,-2.0,1.0,2.23606797749979,0.0,0.0,02_48,0
02,48,9,9,55.0,34.0,0.0,0.0,0.0,3384.0,260.1076477383248,0.8930448249703759,0.9245901639344263,99.16632370936107,44.62164364933461,1.0723055782288697,67.23817966903073,253.0,2.0,71.73331888855257,1.3934607128698866,0.6256092037325067,0.0041048081622678395,0.9975754355394921,0.999116553710363,0.9788899750741129,0.0021096804740957965,0.0,-3.0,3.0,0.0,0.2592592496570648,02_48,0
02,48,22,22,74.0,15.0,3.0,-2.0,3.605551275463989,7524.0,442.33304448274095,0.9414381641000701,0.8690228690228691,172.38056163857445,58.12425699171915,-1.253267824888373,32.36230728335992,159.0,1.0,28.815044651909563,1.5854725930541105,1.7363222537234817,0.006065570014662757,0.9935615128737618,0.9980623272980514,0.9690394578278863,0.004230816226783969,7.0,-7.0,9.899494936611665,0.9805803046732801,0.7407407133058995,02_48,2
02,49,2,2,13.0,156.0,-2.0,2.0,2.8284271247461903,5110.0,327.6223663640862,0.9255437415756241,0.9510515540666294,134.16387709920716,50.799904823874925,1.506557670111341,43.371428571428574,250.0,2.0,50.014105698299474,2.0198936717644798,3.0957433519645683,0.003037558040078202,0.9967453299987087,0.9990304212460137,0.976454695062374,0.0021154081133919846,0.0,0.0,0.0,0.0,0.0,02_49,0
02,50,22,7,12.0,150.0,1.0,0.0,1.0,5972.0,339.56349186104046,0.8015907075620446,0.8934769599042489,116.5205471140925,69.6645098617601,-1.247045262151517,27.14450770261219,202.0,1.0,32.94690742619925,2.617769351449508,6.544021886902417,0.003323940004887585,0.996355301865639,0.9988614999455399,0.9646255043916481,0.0024476111925708704,1.0,0.0,1.0,0.9999980000030001,0.7407407133058995,02_50,2
02,50,29,14,14.0,152.0,0.0,0.0,0.0,3221.0,213.92388155425118,0.4243493054295507,0.9769487412799515,67.73583438957685,61.33470142846754,1.0348454184998206,40.228500465693884,185.0,1.0,38.652656918835554,1.5608970488722271,1.579402932364939,0.003052831744868035,0.997492452678976,0.9991210717206181,0.9713162866398991,0.001968398704789834,0.0,0.0,0.0,0.0,0.9999999629629643,02_50,0
02,51,2,2,970.0,214.0,0.0,-6.0,6.0,822.0,119.59797974644667,0.7960820271179403,0.9288135593220339,42.76997461986139,25.883906876066572,1.4542914254049955,163.81508515815085,244.0,24.0,42.00524085225567,-1.2696528160281548,1.770858284045035,0.004261363636363637,0.9992048206500417,0.9995887218662759,0.96989199248335,0.0012123503176930599,-1.0,1.0,1.4142135623730951,-0.7071061633358738,0.0,02_51,0
02,51,9,9,970.0,214.0,-1.0,4.0,4.123105625617661,1429.0,165.0538238691624,0.7983712830060795,0.9096117122851687,57.1982002584477,34.44278309904294,1.3311696067259375,40.45346396081175,126.0,7.0,25.343050875517577,1.2679194943744738,0.8105206992746394,0.002630895650048876,0.99863876579324,0.9994362331548056,0.959912350331083,0.0013574505131964815,-1.0,1.5,1.8027756377319946,0.941741160804923,0.2592592496570648,02_51,2
02,51,22,22,984.0,206.0,1.0,3.0,3.1622776601683795,3085.0,241.23759005323595,0.8679748421632721,0.9233762346602814,91.27822611032467,45.329512724808815,1.1490556784597183,84.42852512155592,254.0,3.0,84.54752768433268,1.1097372884757364,-0.26257354863978755,0.004689027370478983,0.9977147817652615,0.9992394339829451,0.9819879421851967,0.0019473973607038123,1.0,0.0,1.0,0.3162273497895198,0.7407407133058995,02_51,2
02,51,29,29,986.0,215.0,0.0,0.0,0.0,5344.0,290.0071426749364,0.6408810466859493,0.9684668358100761,95.6063473138959,73.39127603055854,-1.349018399876351,30.4749251497006,188.0,2.0,34.49519579490062,2.0707734418960038,3.3385545102049203,0.0039024315738025424,0.9965851357896212,0.9988820080042508,0.9653275909303737,0.0025048875855327468,-2.0,3.0,3.605551275463989,0.0,0.9999999629629643,02_51,0
02,52,2,2,58.0,469.0,-2.0,-6.0,6.324555320336759,1175.0,157.74011537017762,0.9027352743204797,0.8894776684330054,60.97713911603821,26.2321515361172,-1.3767227401409128,80.07829787234043,249.0,7.0,65.59722877252267,0.952403723402344,-0.4631082922193821,0.002157410801564028,0.9990062771765853,0.9996240728383865,0.9706506373041855,0.0009183315004887586,-2.0,-3.0,3.605551275463989,0.9647634011179783,0.0,02_52,2
02,52,9,9,63.0,467.0,0.0,0.0,0.0,2028.0,239.07821048680188,0.9433991274169403,0.8485355648535565,97.32804643731188,32.27978038040228,-0.6002468859500518,17.90877712031558,51.0,1.0,8.7774962106198,0.7681332811577282,0.07568811437407108,0.008470223912512221,0.9980020509425629,0.9989310693802484,0.9223944519522448,0.003065241630009776,0.0,0.0,0.0,0.0,0.2592592496570648,02_52,0
02,52,22,22,48.0,468.0,-2.0,0.0,2.0,1347.0,144.95331880577405,0.5452132421505832,0.9465917076598735,45.81702719627135,38.40829449389912,0.9780856477429788,130.83741648106906,254.0,6.0,88.69630456011208,0.2564688496333963,-1.5098496968424038,0.003375488758553275,0.9987619025886144,0.9995700958180349,0.9831383698216396,0.0011856213343108507,-1.0,0.0,1.0,0.99999850000175,0.7407407133058995,02_52,2
02,52,29,29,32.0,481.0,2.0,1.0,2.23606797749979,3355.0,254.20815280171306,0.8608467534842267,0.9291055109387981,93.7393323633553,47.7005989351181,1.0197077472583305,82.8053651266766,254.0,2.0,91.16578943587221,1.0260646565101006,-0.5643000875838897,0.0071080003665689164,0.9978933151069449,0.999362548165268,0.9775875857381605,0.0017660221163245358,-3.0,2.0,3.605551275463989,-0.496138578872771,0.9999999629629643,02_52,0
02,53,22,22,29.0,978.0,2.0,3.0,3.605551275463989,1115.0,128.3259018078045,0.39322642946874325,0.9620362381363244,39.578042667228736,36.38970144372369,-1.0409474352314654,190.2358744394619,254.0,11.0,60.39226753151917,-1.1491453161425633,0.6796388436653,0.005059414711632454,0.9989194102625224,0.999505357664956,0.9807638068252758,0.0014853677908113396,3.0,0.0,3.0,0.5546998574791654,0.7407407133058995,02_53,0
02,53,29,29,37.0,974.0,1.0,0.0,1.0,1413.0,155.9827560572969,0.8022274018498494,0.9432576769025367,55.70541824318494,33.25717020431847,1.3579226096341264,137.29370134465677,254.0,8.0,93.92159592518504,0.11998838319976285,-1.596123618196983,0.004700482649071359,0.9988153845264883,0.9996402931956796,0.9806247528270949,0.0011168896627565985,2.0,0.0,2.0,0.99999850000175,0.9999999629629643,02_53,2
02,54,22,22,295.0,985.0,0.0,0.0,0.0,951.0,126.32590180780451,0.7209937917219134,0.9144230769230769,42.612188712583894,29.527754883394287,1.0177921645013968,51.68769716088328,215.0,10.0,29.07516359041588,1.1770630946955905,1.6796766963567666,0.0016514693304007818,0.9991208330468381,0.9996962820208514,0.9186981057438774,0.0007293194037145649,-1.0,1.0,1.4142135623730951,0.0,0.7407407133058995,02_54,0
02,54,29,29,292.0,985.0,0.0,0.0,0.0,1398.0,153.7817459305202,0.6392226087185627,0.9167213114754098,48.92044657890567,37.62088758297609,-1.0873419761200775,177.08512160228898,254.0,13.0,63.50587634897053,-0.8983563224197288,-0.01887844701003516,0.008129429374389052,0.9986654819036326,0.9993886683592724,0.9720402369193812,0.0018767564760508312,0.0,0.0,0.0,0.0,0.9999999629629643,02_54,0
02,55,22,4,54.0,601.0,0.0,14.0,14.0,3457.0,305.9655121145938,0.5778617963071789,0.7634717314487632,83.3201822749712,68.00048664722968,0.07974991479614574,28.411050043390222,253.0,2.0,24.59530057748963,4.421877092597907,28.374913461646898,0.0016514693304007818,0.9975978374441163,0.9993831650952588,0.9191187408419401,0.0012982649071358746,33.0,16.0,36.6742416417845,0.4362734634610688,0.7407407133058995,02_55,2
02,57,29,5,28.0,580.0,1.0,-1.0,1.4142135623730951,1250.0,157.95331880577405,0.898734373403162,0.9476876421531463,61.147324670138126,26.81270277321399,0.53001071275889,107.1712,253.0,4.0,57.87998177746776,0.40635307295973794,-0.8183753264945177,0.004511470552297165,0.9987905284047237,0.9994902638292257,0.9578857953070665,0.0013784518572825025,0.0,0.0,0.0,0.0,0.9999999629629643,02_57,0
02,58,29,5,54.0,615.0,-1.0,-1.0,1.4142135623730951,2151.0,207.09545442950497,0.8433659519484783,0.8866446826051113,75.02511209120915,40.313965491878804,0.6268135250940059,75.70664807066481,254.0,1.0,72.29944412701333,1.1194080972206342,-0.03775439331187558,0.0054813508064516115,0.998217833926866,0.9993798850183788,0.9602321344682241,0.0016915628054740958,0.0,1.0,1.0,-0.707105574081327,0.9999999629629643,02_58,0
